UMLS code of SE,all proteins
C0033117,ADRA1A ADRA1A@inh ADRA2A ADRA2A@inh ADRA2B ADRA2B@inh CALM1 CHRM1 CHRM2 CHRM3 CHRM4 CHRM5 CYP2D6@inh DRD1@inh DRD2@inh DRD3@inh DRD4@inh HRH1 HRH1@inh HTR1A@inh HTR1E HTR2A@inh HTR6
C0030807,ACE ACE@inh
C0033117,ADRA1B ADRA1B@inh ADRA1D ADRA1D@inh ADRA2C@inh CHRM4@inh CHRM5@inh HTR1B@inh HTR1D@inh HTR1F HTR2C@inh HTR3A HTR5A HTR6@inh HTR7@inh KCNH2 KCNH2@inh PTAFR TBXA2R
C0080274,ADRA1A ADRA1A@inh ADRA1B ADRA1B@inh ADRA1D ADRA2A ADRA2A@inh ADRA2B CYP2D6 CYP2D6@inh CYP3A4 HRH1@inh HTR1A HTR1A@inh HTR2A HTR2A@inh HTR2B HTR2C HTR2C@inh HTR6@inh HTR7 OPRK1 PTAFR SLC6A2 SLC6A2@inh SLC6A3 SLC6A3@inh SLC6A4 SLC6A4@inh
C0241934,ADRA1A ADRA1A@inh ADRA2A CHRM1 CHRM2 CYP2D6 CYP2D6@inh HRH1 HRH1@inh HTR1A HTR1A@act HTR2A HTR2A@inh HTR2C SLC6A2 SLC6A2@inh SLC6A3 SLC6A3@inh SLC6A4 SLC6A4@inh
C0021177,ADRA1B ADRA2A ADRA2A@inh ADRA2B ADRA2B@inh ADRA2C CYP2D6 CYP2D6@inh DRD1 DRD1@act DRD1@inh DRD2 DRD2@act DRD2@inh DRD3 DRD3@act DRD4 DRD4@act DRD5 DRD5@act HTR1A HTR1A@act HTR1A@inh HTR1B HTR1D HTR1F HTR2A HTR2A@act HTR2A@inh HTR2B HTR2C HTR2C@act HTR2C@inh HTR7 PTAFR SLC6A4 SLC6A4@inh
C0234022,ADRA1A@inh ADRA1B@inh ADRA2A ADRA2A@inh ADRA2B@inh CHRM1 CYP2B6@inh CYP2D6 CYP2D6@inh CYP3A5 CYP3A7 HTR1A@inh HTR1D@inh HTR2A HTR2C HTR2C@inh HTR6 OPRK1 SLC6A2 SLC6A2@inh SLC6A3 SLC6A3@inh SLC6A4 SLC6A4@inh
C0011124,ADRA1A@inh ADRA1D@inh ADRA2A ADRA2A@inh CYP2D6 CYP3A4 HTR2A HTR2C SLC6A2 SLC6A2@inh SLC6A3 SLC6A4 SLC6A4@inh
C0021141,ADRA1A@inh ADRA2A@inh CYP2B6 CYP2B6@inh CYP2C19 CYP2D6 CYP2D6@inh HTR2A HTR2C SLC6A2 SLC6A2@inh SLC6A3 SLC6A3@inh SLC6A4 SLC6A4@inh
C0030446,ADRA1A ADRA1A@inh ADRA2A CALM1 CALML3 CALN1 CHRM1 CHRM2 CHRM3 CHRM4 CHRM4@inh CHRM5 CHRM5@inh DRD1 DRD1@inh DRD2 DRD2@inh DRD3 DRD3@inh DRD4 DRD4@inh DRD5 DRD5@inh HRH1 HRH2 HRH3 HRH4 HTR1A HTR1B HTR2A HTR2A@inh HTR2C HTR5A HTR6 HTR7 SLC6A4
C0030662,ADRA2A ADRA2A@act ADRA2B ADRA2B@act ADRA2C ADRA2C@act DRD1 DRD1@act DRD2 DRD2@act DRD3 DRD3@act DRD4 DRD4@act DRD5 DRD5@act HTR1A HTR1A@act HTR1B HTR1B@act HTR1D HTR1D@act HTR2A HTR2A@act HTR2B HTR2B@act HTR2C HTR2C@act HTR7
C0028084,ADRA1A ADRA1A@inh ADRA1D@inh ADRA2A ADRA2A@inh ADRB1 CHRM1 CYP2D6 CYP2D6@inh DRD2 DRD2@act DRD3 DRD5 HRH1@inh HTR1A HTR1A@inh HTR1B HTR1D HTR2A HTR2A@inh HTR2B HTR2C HTR7 SLC6A2 SLC6A2@inh SLC6A4 SLC6A4@inh
C0011570,ADRB1 ADRB1@inh ADRB2 ADRB2@inh ADRB3
C0235259,NR3C1 NR3C1@act
C0010692,CYP2C8 CYP2C9 PTGS1 PTGS1@inh PTGS2 PTGS2@inh
C0030305,CYP2C9 PTGS1 PTGS1@inh PTGS2 PTGS2@inh
C0011603,CYP2C9 PTGS1 PTGS1@inh PTGS2 PTGS2@inh
C0006325,CHRM1 CYP2B6@inh CYP2D6 CYP2D6@inh HTR2A HTR2C SLC6A2 SLC6A2@inh SLC6A3 SLC6A3@inh SLC6A4 SLC6A4@inh
C0018524,ADRA2A@inh CHRM4@inh CHRM5 CHRM5@inh CYP2D6 CYP2D6@inh HTR1A HTR1A@inh HTR2A HTR2B HTR2C HTR2C@inh SLC6A2 SLC6A2@inh SLC6A3 SLC6A4 SLC6A4@inh
C0039231,SLC6A2 SLC6A3 SLC6A4 SLC6A4@inh
C0003873,CYP2B6@inh CYP2D6 CYP2D6@inh HTR2C SLC6A4 SLC6A4@inh
C0011616,CYP1A2 CYP2D6@inh DRD1 HTR2C SLC6A4
C0151827,HTR1B HTR1B@act HTR1D HTR1D@act HTR1F
C0032708,ESR1@act ESR1@inh
C0027066,MAOB@inh
C0032285,CYP2C9 PTGS2 PTGS2@inh
C0151825,HTR1B@act HTR1D@act
C0014518,CYP2C9 IL8 PTGS1 PTGS1@inh PTGS2 PTGS2@act PTGS2@inh TTR UGT2B7
C0025290,ALOXE3 CYP2C8 IL8 PTGS1 PTGS1@inh PTGS2 PTGS2@act PTGS2@inh TTR UGT1A1 UGT2B7
C0011606,CYP2C9 PTGS1 PTGS1@inh PTGS2 PTGS2@act PTGS2@inh UGT2B7
C0151626,CYP2C9 IL8 PTGS1 PTGS1@inh PTGS2 PTGS2@act PTGS2@inh TTR UGT2B7
C0002874,CYP2C9 PTGS1 PTGS1@inh PTGS2 PTGS2@act PTGS2@inh UGT2B7
C0002878,CYP2C9 PTGS1 PTGS1@inh PTGS2 PTGS2@inh TTR UGT2B7
C0553548,CA1 CA12 CA14 CA1@inh CA2 CA2@inh CA4 CA4@inh CA5A CA5B CA6 CA7 CA9 SLC12A1 SLC12A1@inh SLC12A3 SLC12A3@inh
C0014742,ALOXE3 CYP2C9 IL8 PTGS1 PTGS1@inh PTGS2 PTGS2@act PTGS2@inh
C0241442,ADRA1A ADRA1A@inh ADRA1B ADRA1B@inh ADRA1D ADRA2A ADRA2A@inh ADRA2B ADRA2B@inh ADRA2C ADRA2C@inh ADRB1 CALM1 CALM1@inh CALML3 CALN1 CHRM1 CHRM1@inh CHRM2 CHRM2@inh CHRM3 CHRM3@inh CHRM4 CHRM4@inh CHRM5 CHRM5@inh CYP2D6 CYP2D6@inh DRD1 DRD1@inh DRD2 DRD2@act DRD2@inh DRD3 DRD3@inh DRD4 DRD4@inh DRD5 DRD5@inh HRH1 HRH1@inh HRH2 HRH3 HRH4 HTR1A HTR1A@inh HTR1B HTR1B@inh HTR1D HTR1D@inh HTR1E HTR1F HTR2A HTR2A@inh HTR2B HTR2C HTR2C@inh HTR3A HTR3A@inh HTR5A HTR6 HTR6@inh HTR7 HTR7@inh KCNH2 KCNH2@inh OPRK1 PTAFR SLC6A4 TBXA2R
C0234133,ADRA1A ADRA1A@inh ADRA1B ADRA1B@inh ADRA1D ADRA1D@inh ADRA2A ADRA2A@inh ADRA2B ADRA2B@inh ADRA2C ADRA2C@inh CALM1 CALML3 CALN1 CHRM1 CHRM1@inh CHRM2 CHRM2@inh CHRM3 CHRM3@inh CHRM4 CHRM4@inh CHRM5 CHRM5@inh CYP2D6 CYP2D6@inh CYP3A7 DRD1 DRD1@inh DRD2 DRD2@act DRD2@inh DRD3 DRD3@inh DRD4 DRD4@inh DRD5 DRD5@inh HRH1 HRH1@inh HRH2 HRH3 HRH4 HTR1A HTR1A@inh HTR1B HTR1B@inh HTR1D HTR1D@inh HTR1E HTR1F HTR2A HTR2A@inh HTR2B HTR2C HTR2C@inh HTR3A HTR3A@inh HTR5A HTR6 HTR6@inh HTR7 HTR7@inh KCNH2 OPRK1 PTAFR SLC6A2 SLC6A2@inh SLC6A3 SLC6A4 SLC6A4@inh TBXA2R
C0392156,ADRA1A ADRA1A@inh ADRA1B ADRA1B@inh ADRA1D ADRA2A ADRA2A@inh ADRA2B ADRA2B@inh ADRA2C ADRA2C@inh CHRM1 CHRM2 CHRM3 CHRM4 CHRM5 CYP2D6 CYP2D6@inh DRD1 DRD1@inh DRD2 DRD2@act DRD2@inh DRD3 DRD3@inh DRD4 DRD4@inh DRD5 DRD5@inh HRH1 HRH1@inh HRH2 HTR1A HTR1A@inh HTR1B HTR1B@inh HTR1D HTR1D@inh HTR1E HTR1F HTR2A HTR2A@inh HTR2B HTR2C HTR2C@inh HTR3A HTR3A@inh HTR3B HTR3C HTR3D HTR3E HTR5A HTR6 HTR6@inh HTR7 HTR7@inh KCNH2 OPRK1 PTAFR SIGMAR1 SLC6A4 TBXA2R
C0427086,ADRA1B ADRA1B@inh ADRA1D ADRA2B@inh CHRM1 CHRM3 CHRM5 CYP1A2 CYP2D6 CYP2D6@inh DRD1 DRD1@inh DRD2 DRD2@act DRD2@inh DRD3 DRD3@act DRD3@inh DRD4 DRD4@act DRD4@inh DRD5 DRD5@act DRD5@inh HRH2 HRH3 HTR1A HTR1A@inh HTR1B HTR1E HTR2C@inh HTR3A HTR5A HTR6 HTR6@inh KCNH2 PTAFR SIGMAR1 TBXA2R
C0027707,ALB CYP2C9 IL8 PTGS1 PTGS1@inh PTGS2 PTGS2@act PTGS2@inh TTR UGT1A1 UGT1A4 UGT2B7
C0686347,ADRA1A ADRA1A@inh ADRA1B ADRA1B@inh ADRA1D ADRA2A ADRA2A@inh ADRA2B ADRA2B@inh ADRA2C ADRA2C@inh CHRM1 CHRM1@inh CHRM2 CHRM2@inh CHRM3 CHRM3@inh CHRM4 CHRM4@inh CHRM5 CHRM5@inh CYP1A2 CYP2D6 CYP2D6@inh CYP2E1 DRD1 DRD1@inh DRD2 DRD2@act DRD2@inh DRD3 DRD3@inh DRD4 DRD4@inh DRD5 DRD5@inh HRH1 HRH1@inh HRH2 HRH3 HRH4 HTR1A HTR1A@inh HTR1B HTR1B@inh HTR1D HTR1D@inh HTR1E HTR1F HTR2A HTR2A@inh HTR2B HTR2C HTR2C@inh HTR3A HTR3A@inh HTR5A HTR6 HTR6@inh HTR7 HTR7@inh KCNH2 OPRK1 PTAFR SLC6A4 TBXA2R
C0235660,ADRA1A@inh ADRA1B@inh ADRA1D@inh ADRA2A@inh CHRM1 CHRM2 CHRM3 CHRM4 CHRM4@inh CHRM5 CHRM5@inh CYP1A2 CYP2B6 CYP2C19 CYP2D6 CYP2D6@inh HRH1@inh HTR1A@inh SLC6A2 SLC6A2@inh SLC6A3 SLC6A3@inh SLC6A4 SLC6A4@inh
C0027849,ADRA1A ADRA1A@inh ADRA1B ADRA1B@inh ADRA1D ADRA2A ADRA2A@inh ADRA2B ADRA2C CALM1 CALML3 CALN1 CHRM1 CHRM1@inh CHRM2 CHRM2@inh CHRM3 CHRM3@inh CHRM4 CHRM4@inh CHRM5 CHRM5@inh CYP2D6@inh DRD1 DRD1@inh DRD2 DRD2@act DRD2@inh DRD3 DRD3@inh DRD4 DRD4@inh DRD5 DRD5@inh HRH1 HRH1@inh HRH2 HRH3 HRH4 HTR1A HTR1A@inh HTR1B HTR1D HTR1E HTR2A HTR2A@inh HTR2B HTR2C HTR2C@inh HTR3A HTR5A HTR6 HTR7 HTR7@inh KCNH2 OPRK1 PTAFR TBXA2R
C0948281,ADRA1A ADRA1A@inh ADRA1B ADRA1B@inh ADRA1D ADRA2A ADRA2A@inh ADRA2B ADRA2C CALM1 CALML3 CALN1 CHRM1 CHRM1@inh CHRM2 CHRM2@inh CHRM3 CHRM3@inh CHRM4 CHRM4@inh CHRM5 CHRM5@inh CYP2D6 CYP2D6@inh DRD1 DRD1@inh DRD2 DRD2@act DRD2@inh DRD3 DRD3@inh DRD4 DRD4@inh DRD5 DRD5@inh HRH1 HRH2 HRH3 HRH4 HTR1A HTR1A@inh HTR1B HTR1D HTR1E HTR2A HTR2A@inh HTR2B HTR2C HTR2C@inh HTR3A HTR5A HTR6 HTR7 HTR7@inh KCNH2 OPRK1 PTAFR SLC6A4 TBXA2R
C0427086,ADRA1A ADRA1A@inh ADRA2A ADRA2A@inh ADRA2B ADRA2C CHRM2 HRH1 HRH1@inh HTR1D HTR2A HTR2A@inh HTR2B HTR2C HTR7 OPRK1 SLC6A4
C0151564,ADRA1A ADRA1A@inh ADRA1B ADRA1B@inh ADRA1D ADRA2A ADRA2A@inh ADRA2B ADRA2B@inh ADRA2C ADRA2C@inh CALM1 CHRM1 CHRM1@inh CHRM2 CHRM2@inh CHRM3 CHRM3@inh CHRM4 CHRM4@inh CHRM5 CHRM5@inh CYP2D6 CYP2D6@inh DRD1 DRD1@inh DRD2 DRD2@act DRD2@inh DRD3 DRD3@inh DRD4 DRD4@inh DRD5 DRD5@inh HRH1 HRH1@inh HTR1A HTR1A@inh HTR1B HTR1B@inh HTR1D HTR1D@inh HTR1E HTR2A HTR2A@inh HTR2B HTR2C HTR2C@inh HTR3A HTR5A HTR6 HTR6@inh HTR7 HTR7@inh KCNH2 PTAFR SLC6A4 TBXA2R
C0235660,ADRA1A ADRA1B ADRA1D ADRA2A ADRA2B ADRA2B@inh ADRA2C ADRA2C@inh CYP3A7 DRD1 DRD1@inh DRD2 DRD2@inh DRD3 DRD3@inh DRD4 DRD4@inh DRD5 DRD5@inh HRH1 HTR1A HTR1E HTR2A HTR2A@inh HTR2B HTR2C HTR2C@inh HTR5A HTR6 HTR7 KCNH2
C0030920,IL8 PTGS1 PTGS1@inh PTGS2 PTGS2@inh TTR
C0018418,ADRA1A ADRA1A@inh ADRA1B ADRA1B@inh ADRA2A ADRA2A@inh ADRA2B ADRA2C CHRM1 CHRM2 CHRM3 CHRM5 CYP1A2 CYP2D6 CYP2D6@inh CYP3A7 DRD1 DRD1@inh DRD2 DRD2@act DRD2@inh DRD3 DRD3@inh DRD4 DRD4@inh DRD5 DRD5@inh HRH1 HRH2 HTR1A HTR1A@inh HTR1B HTR1D HTR1E HTR2A HTR2A@inh HTR2C HTR2C@inh HTR5A HTR6 HTR7 KCNH2 PTAFR SLC6A4
C0080274,CHRM1 CHRM1@inh CHRM2 CHRM2@inh CHRM3 CHRM3@inh CHRM4 CHRM4@inh CHRM5 CHRM5@inh DRD1 DRD1@inh DRD2 DRD2@inh DRD3 DRD3@inh DRD4 DRD4@inh DRD5 DRD5@inh HRH1 HTR3A HTR6
C0006147,ADRA1A ADRA1A@inh ADRA1B ADRA1B@inh ADRA1D ADRA2A ADRA2A@inh ADRA2B ADRA2B@inh ADRA2C ADRA2C@inh CHRM1 CHRM2 CHRM3 CHRM4 CHRM5 CHRM5@inh CYP1A2 DRD1 DRD1@inh DRD2 DRD2@act DRD2@inh DRD3 DRD3@inh DRD4 DRD4@inh DRD5 DRD5@inh HRH1 HTR1A HTR1A@inh HTR1B HTR1B@inh HTR1D HTR1D@inh HTR1E HTR2A HTR2A@inh HTR2B HTR2C HTR2C@inh HTR3A HTR5A HTR6 HTR6@inh HTR7 HTR7@inh KCNH2 PTAFR SLC6A4 TBXA2R
C0002453,ADRA1A ADRA1A@inh ADRA1B ADRA1B@inh ADRA2A ADRA2A@inh ADRA2B ADRA2C CALML3 CALN1 CHRM1 CHRM3 CHRM5 CYP2D6 CYP2D6@inh CYP3A4 DRD1 DRD1@inh DRD2 DRD2@inh DRD3 DRD3@inh DRD4 DRD4@inh DRD5 DRD5@inh HRH1 HTR1A HTR1A@inh HTR1B HTR1D HTR1D@inh HTR1E HTR2A HTR2A@inh HTR2B HTR2C HTR2C@inh HTR3A HTR5A HTR6 HTR7 SLC6A4
C0221271,ADRA1A ADRA1A@inh ADRA1B ADRA1B@inh ADRA1D ADRA2A ADRA2A@inh ADRA2B ADRA2B@inh ADRA2C ADRA2C@inh CHRM1 CHRM2 CHRM5 CHRM5@inh CYP2D6 CYP2D7P1 DRD1 DRD1@inh DRD2 DRD2@act DRD2@inh DRD3 DRD3@inh DRD4 DRD4@inh DRD5 DRD5@inh HRH1 HRH1@inh HTR1A HTR1A@inh HTR1B HTR1D HTR1D@inh HTR1E HTR1F HTR2A HTR2A@inh HTR2B HTR2C HTR2C@inh HTR3A HTR5A HTR6 HTR6@inh HTR7 HTR7@inh KCNH2 OPRK1 PTAFR SLC6A4 TBXA2R
C0020651,CYP2D6@inh DRD1 DRD1@act DRD2 DRD2@act DRD3 DRD4 DRD5 HTR1A HTR1A@act HTR1A@inh HTR1B HTR1D HTR1E HTR2A HTR2A@act HTR2A@inh HTR2B HTR2C HTR2C@act HTR2C@inh HTR5A HTR6 HTR7 HTR7@inh SLC6A4 SLC6A4@inh
C0026837,ADRA1A ADRA1A@inh ADRA1B ADRA1B@inh ADRA2A ADRA2A@inh ADRA2B ADRA2B@inh ADRA2C CHRM1 CHRM2 CHRM3 CHRM4 CHRM5 CHRM5@inh CYP1A2 CYP2D6 CYP2D6@inh CYP3A4 CYP3A4@inh DRD1 DRD1@inh DRD2 DRD2@inh DRD3 DRD3@inh DRD4 DRD4@inh DRD5 DRD5@inh HRH1 HTR1A HTR1A@inh HTR1B HTR1B@inh HTR1D HTR1D@inh HTR1E HTR1F HTR2A HTR2A@inh HTR2B HTR2C HTR2C@inh HTR3A HTR3A@inh HTR5A HTR6 HTR6@inh HTR7 OPRK1 PTAFR SLC6A4 TBXA2R
C0700075,ADRA1A ADRA2A ADRA2B ADRA2C CALM1 CALML3 CALN1 CHRM1 CHRM3 DRD1@inh DRD2 DRD2@inh DRD3 DRD3@inh DRD4 DRD4@inh DRD5 DRD5@inh HRH1 HRH2 HRH4 HTR1A HTR1E HTR2A HTR2A@inh HTR2C HTR5A HTR6 HTR7
C0034734,ADRB1 ADRB1@inh ADRB2 ADRB2@inh ADRB3 HTR1A HTR1B HTR1D HTR2C
C0027726,ALB ALOXE3 CYP2C8 IL8 PTGS1 PTGS1@inh PTGS2 PTGS2@inh TTR
C0233477,OGFR OPRD1 OPRD1@act OPRK1 OPRK1@act OPRL1 OPRM1 OPRM1@act SIGMAR1
C0010073,HTR1A HTR1A@act HTR1B HTR1B@act HTR1D HTR1D@act HTR1E HTR1F MAOA
C1384666,PTGS1 PTGS1@inh PTGS2 PTGS2@act PTGS2@inh TTR UGT2B7
C0004245,ADRA1B@inh ADRA2A@inh ADRA2B@inh CYP2D6 CYP2D6@inh CYP2D7P1 CYP3A5 CYP3A5@inh HTR1A HTR1A@inh HTR1B HTR1D HTR2A HTR2B HTR2C HTR2C@inh
C0085616,HTR1A HTR1A@act HTR1B HTR1B@act HTR1D HTR1D@act HTR1E HTR1F
C0042384,ALOX5 CYP2C9 PTGS1 PTGS1@inh PTGS2 PTGS2@act PTGS2@inh TTR UGT2B7
C0600097,OGFR OPRD1 OPRD1@act OPRK1 OPRL1 OPRM1 OPRM1@act PTAFR SIGMAR1
C0600097,ADRA2A ADRA2A@inh ADRA2B ADRA2B@inh ADRA2C ADRA2C@inh CHRM1 CHRM2 CHRM3 CHRM5 CYP2D6 CYP2D6@inh CYP2D7P1 DRD1 DRD2 DRD3 DRD4 DRD5 HTR1A HTR1B HTR1D HTR1E HTR1F HTR2A HTR2B HTR2C HTR2C@inh HTR3A HTR4 HTR5A HTR6 HTR7 SLC6A4 SLC6A4@inh
C0235063,OGFR OPRD1 OPRD1@act OPRK1 OPRK1@act OPRL1 OPRM1 OPRM1@act SIGMAR1
C0151818,ADRA1A ADRA1A@inh ADRA2A ADRA2B ADRA2C CALM1 CYP1A2 CYP2D6 CYP2D6@inh DRD1 DRD1@inh DRD2 DRD2@inh DRD3 DRD3@inh DRD4 DRD4@inh DRD5 DRD5@inh HRH1 HTR1A HTR1B HTR1E HTR2A HTR2A@inh HTR2C HTR3A HTR5A HTR6 HTR6@inh HTR7 KCNH2 KCNH2@inh PTAFR
C0026961,CYP2B6 CYP2B6@inh CYP2D6@inh SLC6A2 SLC6A2@inh SLC6A3 SLC6A3@inh SLC6A4 SLC6A4@inh
C0017181,CYP2C9 IL8 PTGS1 PTGS1@inh PTGS2 PTGS2@act PTGS2@inh UGT2B7
C0043094,ADRA1A ADRA1A@inh ADRA1B@inh ADRA2A ADRA2A@inh ADRA2B ADRA2C CYP2D6 CYP3A4 DRD1 DRD2 DRD3 DRD4 DRD5 HTR1A HTR1A@act HTR1A@inh HTR1B HTR1D HTR1E HTR2A HTR2A@inh HTR2B HTR2C HTR2C@inh HTR6 HTR7 SLC6A4
C0001824,CYP2C9 PTGS1 PTGS1@inh PTGS2 PTGS2@inh UGT2B7
C1510472,CYP2D6 OGFR OPRD1 OPRD1@act OPRK1 OPRK1@act OPRL1 OPRM1 OPRM1@act
C2937350,ADRA1A ADRA1A@inh ADRA1B ADRA1B@inh ADRA2A ADRA2A@inh ADRA2B@inh ADRA2C@inh CHRM1 CHRM1@inh CHRM2@inh CHRM3@inh CHRM4@inh CHRM5 CHRM5@inh CYP2D6 CYP2D6@inh DRD1@inh DRD2 DRD2@act DRD3@inh DRD4@inh DRD5@inh HRH1 HRH1@inh HTR1A@inh HTR1B@inh HTR1D@inh HTR1E HTR1F HTR2A HTR2A@inh HTR2C HTR2C@inh HTR3A HTR3A@inh HTR6@inh HTR7 HTR7@inh OPRK1 PTAFR SLC6A4 TBXA2R
C0553721,CHRM1 CHRM1@inh CHRM2 CHRM2@inh CHRM3 CHRM3@inh CHRM4 CHRM4@inh
C0600097,DRD1@inh DRD2@inh DRD3@inh DRD4@inh DRD5@inh HRH1 HRH1@inh HTR2A@inh
C0020651,ADRA1A ADRA1A@inh ADRA1B ADRA1B@inh ADRA1D ADRA2A ADRA2A@inh ADRA2B ADRA2B@inh ADRA2C ADRA2C@inh CYP2D6
C0015371,ADRA1B@inh ADRA2A ADRA2A@inh ADRA2B ADRA2B@inh ADRA2C ADRA2C@inh CHRM1 CHRM5@inh CYP2D6 CYP2D6@inh DRD1 DRD1@inh DRD2 DRD2@act DRD2@inh DRD3 DRD3@inh DRD4 DRD4@inh DRD5 DRD5@inh HRH1 HTR1A HTR1A@inh HTR1B HTR1D HTR1D@inh HTR1E HTR2A HTR2A@inh HTR2B HTR2C HTR2C@inh HTR3A HTR3A@inh HTR6 HTR7 HTR7@inh KCNH2 OPRK1 PTAFR SLC6A4 TBXA2R
C1112442,CHRM1 CHRM2 CYP2B6 CYP2B6@inh CYP2D6 CYP2D6@inh HTR2C SLC6A2 SLC6A2@inh SLC6A3 SLC6A3@inh SLC6A4 SLC6A4@inh
C2225524,ADRA1A ADRA1A@inh ADRA2A ADRA2A@inh CYP2B6 CYP2C19 CYP2D6 CYP2D6@inh CYP3A4 DRD2 DRD3@inh HRH1 HTR1A HTR1A@inh HTR2A HTR2A@inh HTR2C SLC6A2 SLC6A2@inh SLC6A3 SLC6A4 SLC6A4@inh
C0038362,CYP2C9 PTGS1 PTGS1@inh PTGS2 PTGS2@inh
C0022667,IL8 PTGS1 PTGS1@inh PTGS2 PTGS2@inh TTR UGT1A1 UGT2B7
C0242350,ADRA1A ADRA1A@inh ADRA1B@inh ADRA2A CHRM1 CYP2D6 CYP2D6@inh DRD1@inh DRD2 DRD2@inh DRD3 DRD3@inh DRD4 DRD4@inh DRD5 DRD5@inh HTR1A HTR1A@inh HTR1B HTR1D HTR1D@inh HTR2A HTR2B HTR2C HTR5A HTR6 HTR7 SLC6A2 SLC6A4 SLC6A4@inh
C0424448,ADRA1A ADRA1A@inh ADRA1B ADRA1B@inh ADRA2A ADRA2A@inh ADRA2B ADRA2B@inh ADRA2C ADRB1 CHRM1 CHRM2 CHRM3 CHRM5 DRD1 DRD1@inh DRD2 DRD2@inh DRD3 DRD3@inh DRD4 DRD4@inh DRD5 DRD5@inh HRH1 HRH1@inh HRH2 HTR1A HTR1A@inh HTR1B HTR1B@inh HTR1D HTR1D@inh HTR1E HTR2A HTR2A@inh HTR2B HTR2C HTR2C@inh HTR3A HTR5A HTR6 HTR6@inh HTR7 KCNH2 OPRK1 PTAFR SLC6A4 TBXA2R
C0152032,CHRM1 CHRM1@inh CHRM2 CHRM2@inh CHRM3 CHRM3@inh CHRM4 CHRM4@inh
C0235238,CHRM1 CHRM1@inh CHRM2 CHRM2@inh CHRM3 CHRM3@inh CHRM4 CHRM4@inh
C0004245,ADRB1 ADRB1@inh ADRB2 ADRB2@inh ADRB3 HTR1B@inh HTR1D@inh
C0020514,CHRM1 SLC6A2 SLC6A2@inh SLC6A3 SLC6A4 SLC6A4@inh
C0020461,ACE ACE@inh
C0085281,ADRA1A@inh ADRA1D ADRA1D@inh CHRM4@inh CHRM5 CHRM5@inh HRH1@inh HTR2A@inh KCND3 SLC6A2 SLC6A2@inh SLC6A3 SLC6A4 SLC6A4@inh
C0234047,ADRA2A CHRM1 CHRM2 CYP2B6@inh CYP2D6 CYP2D6@inh HTR2A HTR2C HTR4 HTR7 OPRK1 SLC6A2 SLC6A2@inh SLC6A3 SLC6A3@inh SLC6A4 SLC6A4@inh
C0553731,ADRA1A@inh ADRA1B ADRA1B@inh ADRA2A ADRA2A@inh ADRA2B@inh CHRM1 CHRM2 CYP2D6@inh DRD1 DRD1@inh DRD2 DRD3 DRD4 DRD5 DRD5@inh HTR1A HTR1A@inh HTR1B HTR1D HTR1D@inh HTR1E HTR2A HTR2A@inh HTR2C HTR2C@inh HTR5A HTR6 HTR7 KCNH2 OPRK1 PTAFR SLC6A4 TBXA2R
C0392676,ADRA1A ADRA1B ADRA2A ADRA2B ADRA2C CALM1 CALML3 CALN1 CHRM1 CHRM2 CHRM3 CHRM4 CHRM5 DRD1 DRD1@inh DRD2 DRD2@inh DRD3 DRD3@inh DRD4 DRD4@inh DRD5 DRD5@inh HRH1 HRH2 HRH4 HTR1A HTR1B HTR2A HTR2A@inh HTR2C HTR5A HTR6 HTR7
C0040479,ABCB1@inh ADRA1A ADRA1A@inh CYP1A2 CYP1A2@inh CYP2D6 CYP2D6@inh CYP3A4 CYP3A4@inh CYP3A5 CYP3A7 DRD4@inh KCNH2 KCNH2@inh
C0038587,CYP2D6 CYP2D6@inh CYP3A4 CYP3A4@inh HTR1A@inh HTR1D@inh HTR2A HTR2C HTR2C@inh OPRD1@act OPRK1 OPRK1@act OPRM1@act SLC6A4
C0040264,CYP2C9 PTGS1 PTGS1@inh PTGS2 PTGS2@inh
C0442886,NR3C1 NR3C1@act
C1688637,ADRA1A ADRA1A@inh ADRA1B ADRA1B@inh ADRA1D ADRA1D@inh
C0575081,ADRA1A@inh ADRA1B@inh ADRA2A@inh ADRA2B@inh CYP2B6@inh CYP2D6 HTR1A@inh HTR1E HTR2C HTR2C@inh OPRK1 PTAFR SLC6A4 SLC6A4@inh
C0017152,CYP2C9 PTGS1 PTGS1@inh PTGS2 PTGS2@inh
C0854467,TOP2A TOP2A@inh TOP2B TOP2B@inh
C0151664,ALB PTGS1 PTGS1@inh PTGS2 PTGS2@act PTGS2@inh TTR
C0013395,CYP2C9 PTGS1 PTGS1@inh PTGS2 PTGS2@inh
C0018926,PTGS1 PTGS1@inh PTGS2 PTGS2@inh UGT2B7
C0497247,ADRA2A SLC6A2 SLC6A2@inh SLC6A3 SLC6A3@inh SLC6A4 SLC6A4@inh
C0040822,ADRA1A@inh ADRA1B@inh ADRA2A CYP1A2 DRD1 DRD2 DRD2@inh DRD3 DRD3@inh DRD5 DRD5@inh HRH1 HRH1@inh HTR1A HTR1A@inh HTR1B HTR1E HTR2A HTR2A@inh HTR2C HTR2C@inh HTR3A HTR6 HTR7
C0006266,ADRB1 ADRB1@inh ADRB2@inh ADRB3
C0085602,ADRA1A ADRA1B ADRA2B ADRA2B@inh ADRA2C DRD1 DRD1@inh DRD2 DRD2@inh DRD3 DRD3@inh DRD4 DRD4@inh DRD5 DRD5@inh HRH1 HRH2 HRH3 HTR1A HTR1B HTR1D HTR1D@inh HTR1E HTR2A HTR2A@inh HTR2C HTR2C@inh HTR3A HTR5A HTR6 HTR7
C0476273,ADRB1 ADRB1@inh ADRB2 ADRB2@inh ADRB3
C0040822,CYP2C9 SCN5A SCN5A@inh
C0025222,CYP2C9 CYP2C9@inh PTGS1 PTGS1@inh PTGS2 PTGS2@inh UGT2B7
C0009806,CYP2D6 SLC6A4 SLC6A4@inh
C2937350,CYP2B6 CYP2B6@inh SLC6A2 SLC6A2@inh SLC6A3 SLC6A3@inh SLC6A4@inh
C0037036,CHRM1 CHRM2 CHRM3 CHRM3@act CHRM4 CHRM5 HTR1B@inh
C0043096,ADRA2A@inh CYP3A4 CYP3A4@inh HTR2A HTR2B HTR2C HTR2C@inh HTR7 HTR7@inh SLC6A4 SLC6A4@inh
C0032617,ADRA1B@inh HTR1B HTR1D HTR1E HTR1F HTR2C HTR2C@inh SLC6A4
C0151744,CYP3A4 HTR1B HTR1B@act HTR1D@act
C0030312,CYP2C8 CYP2C9 PTGS1 PTGS1@inh PTGS2 PTGS2@inh
C0004245,CYP3A4 KCNH2 KCNH2@inh
C0022346,ADRA1A@inh CYP1A2 CYP2D6@inh DRD1@inh DRD3@inh DRD5@inh HTR5A HTR6 SLC6A4
C0026266,ADRA1A@inh ADRA2A ADRA2B ADRA2C DRD1 DRD2 DRD2@inh DRD3 DRD3@inh DRD4 DRD4@inh DRD5 DRD5@inh HTR1A HTR2A HTR2B HTR2C HTR6 HTR7
C0018794,ADRB1 ADRB1@inh ADRB2 ADRB2@inh ADRB3 CYP2D6
C0018524,GABRA1 GABRA2 GABRA3 GABRA4 GABRA5 GABRA6 GABRB1 GABRB2 GABRB3 GABRD GABRE GABRG1 GABRG2 GABRG3 GABRP
C0041582,CYP2C9 PTGS1 PTGS1@inh PTGS2 PTGS2@inh
C0018824,DRD1@act DRD2@act DRD3@act DRD4@act DRD5@act HTR1A@act HTR1B@act HTR1D@act HTR2A@act HTR2B HTR2B@act HTR2C@act
C0003578,OGFR OPRD1 OPRD1@act OPRK1 OPRM1 OPRM1@act
C0035078,AGTR1 AGTR1@inh CYP2C9
C0027066,CYP2B6 CYP2B6@inh SLC6A2 SLC6A2@inh SLC6A3 SLC6A4@inh
C0034150,IL8 PTGS1@inh PTGS2 PTGS2@inh
C0020453,HTR1A@act HTR1B HTR1B@act HTR1D HTR1D@act
C0744727,ADRA1A@inh ADRA1B@inh HTR2C@inh KCNH2
C0271650,NR3C1 NR3C1@act
C0028754,CYP2B6@inh CYP2D6 CYP2D6@inh SLC6A4
C0019080,CYP2C9 PTGS1 PTGS1@inh PTGS2 PTGS2@inh
C0033975,CYP3A4 DRD1 DRD1@act DRD2@act DRD3@act DRD4 DRD4@act DRD5 DRD5@act HTR2C HTR2C@act
C0042024,ADRA2A@inh CYP2D6@inh CYP3A4 DRD2@act HTR2A HTR2B HTR2C HTR2C@inh OPRK1 SLC6A4 SLC6A4@inh
C0042514,CYP1A2 DRD4 DRD4@inh KCNH2
C0151692,NR3C1 NR3C1@act
C0004134,SCN5A SCN5A@inh
C0151971,IL8 PTGS1 PTGS1@inh PTGS2 PTGS2@inh
C0011603,ACE ACE@inh
C0015300,CYP2B6@inh SLC6A2 SLC6A3 SLC6A4@inh
C0004245,SCN5A
C0028961,HTR2C SLC6A4@inh
C0027092,CHRM1@act
C0546884,ACE ACE@inh
C0039070,SCN5A
C0003578,GABRA1
C0019158,CYP2C8@inh CYP2C9@inh
C0002871,CYP2C8 CYP2C8@inh CYP2C9@inh
C0022346,CYP2C8 CYP2C8@inh CYP2C9@inh
C0021400,CYP3A4 HTR2B
C2979982,CYP3A4 CYP3A4@inh PTAFR
C0024902,ADRA2A@inh CYP2D6 CYP2D6@inh CYP3A4 CYP3A4@inh HTR1F HTR2B HTR2C HTR6@inh SLC6A4
C0022408,CYP1A2 CYP2B6@inh CYP2C9 CYP2C9@inh
C0020564,CYP3A4 ESR1@act
C0003862,CYP3A4 CYP3A4@inh CYP3A5
C0040034,CYP2C8@inh CYP2C9 CYP2C9@inh
C0014724,CYP2C8 CYP2C9 CYP2C9@inh CYP3A4
C0151904,CYP2C9 CYP2C9@inh CYP3A4 CYP3A4@inh CYP3A5
C0021400,CYP2C8 CYP2C8@inh CYP2C9
C0041834,CYP2C8 CYP2C8@inh CYP2C9 CYP2C9@inh
C0231528,CYP2D6 CYP3A4 CYP3A4@inh
C0702166,CYP3A4 HTR2C SLC6A3@inh SLC6A4 SLC6A4@inh
C0014742,CACNA1B CYP2C8 CYP2C8@inh CYP2C9@inh
C0042109,CYP1A2 CYP1A2@inh CYP2C9 CYP2C9@inh
C0220982,ADRA1A ADRA1A@inh ADRA1B ADRA1B@inh ADRA1D ADRA2A ADRA2A@inh ADRA2B ADRA2B@inh ADRA2C ADRA2C@inh ADRB1 CHRM4@inh CHRM5 CHRM5@inh DRD1 DRD1@inh DRD2 DRD2@act DRD2@inh DRD3 DRD3@inh DRD4 DRD4@inh DRD5 DRD5@inh HRH1 HRH1@inh HTR1A HTR1A@inh HTR1B HTR1B@inh HTR1D HTR1D@inh HTR1E HTR1F HTR2A HTR2A@inh HTR2B HTR2C HTR2C@inh HTR3A HTR3A@inh HTR5A HTR6 HTR6@inh HTR7 HTR7@inh KCNH2 OPRK1 PTAFR SLC6A4 TBXA2R
C0042384,CYP1A2 CYP1A2@inh CYP2C8 CYP2C8@inh CYP2C9@inh
C0151538,ADRA1A ADRA1A@inh ADRA1B ADRA1B@inh ADRA1D ADRA2A ADRA2A@inh ADRA2B ADRA2B@inh ADRA2C ADRA2C@inh ADRB1 CHRM1 CHRM1@inh CHRM2 CHRM2@inh CHRM3 CHRM3@inh CHRM4 CHRM4@inh CHRM5 CHRM5@inh CYP2D6@inh DRD1 DRD1@inh DRD2 DRD2@act DRD2@inh DRD3 DRD3@inh DRD4 DRD4@inh DRD5 DRD5@inh HRH1 HRH1@inh HTR1A HTR1A@inh HTR1B HTR1B@inh HTR1D HTR1D@inh HTR1E HTR2A HTR2A@inh HTR2B HTR2C HTR2C@inh HTR3A HTR3A@inh HTR5A HTR6 HTR6@inh HTR7 HTR7@inh KCNH2 OPRK1 PTAFR SLC6A4 TBXA2R
C0018965,PTGS1 PTGS1@inh PTGS2 PTGS2@inh
C0020555,NR3C1 NR3C1@act
C0030794,CYP3A4 CYP3A4@inh CYP3A5@inh CYP3A7 CYP3A7@inh
C0267596,PTGS1 PTGS1@inh PTGS2 PTGS2@inh
C0014549,ADRA2A ADRA2B ADRA2C DRD2 DRD3 DRD4 DRD5 DRD5@inh HRH1 HTR1A HTR2A HTR2C HTR7
C0267596,CYP2C9 CYP2C9@inh
C0004093,CYP2B6@inh CYP2C9 CYP2C9@inh CYP2D6 CYP2D6@inh
C0037199,CYP2C8 CYP2C9 CYP2C9@inh CYP3A4
C0026113,NR3C1 NR3C1@act
C0162529,ADRB1 ADRB1@inh ADRB2 ADRB2@inh ADRB3
C0016204,CYP2C9 CYP2C9@inh CYP3A4
C0029261,ADRA2A CHRM1 CYP2D6 HTR2A HTR2C HTR4 SLC6A2 SLC6A2@inh SLC6A4 SLC6A4@inh
C0043352,ADRA2A ADRA2B ADRA2C HTR1B HTR1D
C0162830,CYP1A2 CYP2B6@inh CYP2C9 CYP3A4
C0234458,CYP2D6 CYP2D6@inh SLC6A2 SLC6A2@inh SLC6A3 SLC6A3@inh SLC6A4 SLC6A4@inh
C0149741,AR ESR1 ESR1@act ESR1@inh PGR PGR@act
C0948281,CYP2B6@inh SLC6A2 SLC6A2@inh SLC6A3 SLC6A3@inh SLC6A4@inh
C0036104,CHRM3 CHRM3@act CHRM3@inh
C0085583,ADRA1A ADRA1A@inh ADRA1B ADRA1B@inh ADRA2A ADRA2A@inh ADRA2B ADRA2B@inh ADRA2C ADRA2C@inh CHRM1 CHRM1@inh CHRM2 CHRM2@inh CHRM3 CHRM3@inh CHRM4 CHRM4@inh CHRM5 CHRM5@inh DRD1 DRD1@inh DRD2 DRD2@act DRD2@inh DRD3 DRD3@inh DRD4 DRD4@inh DRD5 DRD5@inh HRH1 HRH1@inh HTR1A HTR1A@inh HTR1B HTR1B@inh HTR1D HTR1D@inh HTR1E HTR2A HTR2A@inh HTR2B HTR2C HTR2C@inh HTR5A HTR6 HTR6@inh HTR7 HTR7@inh PTAFR SLC6A4 TBXA2R
C0036973,OPRD1 OPRD1@act OPRK1 OPRK1@act OPRM1 OPRM1@act
C0549209,DRD2 DRD3@inh DRD4 DRD4@inh HTR2C
C0235146,OGFR OPRD1 OPRD1@act OPRK1 OPRK1@act OPRL1 OPRM1 OPRM1@act
C0423791,CYP2B6 CYP2B6@inh CYP2C9 CYP2C9@inh CYP3A4 CYP3A4@inh
C0857257,CHRM1 CHRM1@inh CHRM2 CHRM2@inh CHRM3 CHRM3@inh CHRM4 CHRM4@inh
C0002871,CYP1A2 CYP1B1 CYP3A4 CYP3A4@inh
C0023067,SLC6A2 SLC6A2@inh SLC6A3 SLC6A3@inh SLC6A4 SLC6A4@inh
C0018834,PTGS1 PTGS1@inh PTGS2 PTGS2@inh UGT1A1 UGT2B7
C0029261,SLC6A3 SLC6A3@inh
C0151746,CYP2C9 PTGS1 PTGS1@inh PTGS2 PTGS2@inh UGT1A4 UGT2B7
C0162566,ABCC8 CYP2C9
C0549622,SLC6A2 SLC6A2@inh SLC6A3 SLC6A4 SLC6A4@inh
C0015734,ADRA1B@inh ADRA2A@inh ADRA2B@inh ADRA2C@inh CHRM1 CHRM1@inh CHRM2 CHRM2@inh CHRM3 CHRM3@inh CHRM4 CHRM4@inh CHRM5 CHRM5@inh DRD1@inh DRD2@act DRD3@inh DRD4@inh DRD5@inh HTR1A@inh HTR1B@inh HTR1D@inh HTR1E HTR2C@inh HTR3A@inh HTR5A HTR6@inh HTR7@inh KCNH2 PTAFR SLC6A4
C0085606,CYP2B6@inh CYP2D6 CYP2D6@inh SLC6A2 SLC6A2@inh SLC6A3 SLC6A3@inh SLC6A4 SLC6A4@inh
C0005747,ADRA2C ADRA2C@act DRD1 DRD1@act DRD2 DRD2@act DRD3 DRD3@act DRD4 DRD4@act DRD5 DRD5@act HTR1B HTR1B@act HTR1D HTR1D@act HTR2B HTR7
C0549209,CYP2D6 CYP2D6@inh SLC6A2 SLC6A2@inh SLC6A3 SLC6A3@inh SLC6A4 SLC6A4@inh
C0002994,AGTR1@inh CYP2C9 CYP2C9@inh
C0036104,ADRA1A@inh ADRA1B@inh ADRA2A ADRA2A@inh ADRA2B ADRA2B@inh ADRA2C DRD1 DRD1@inh DRD2 DRD2@act DRD2@inh DRD3 DRD3@inh DRD4 DRD4@inh DRD5 DRD5@inh HTR1A HTR1A@inh HTR1B HTR1B@inh HTR1D HTR1D@inh HTR1E HTR2A HTR2A@inh HTR2B HTR2C HTR2C@inh HTR5A HTR6 HTR6@inh HTR7 PTAFR SLC6A4
C0151514,NR3C1 NR3C1@act
C0036104,CHRM2 CHRM2@inh CHRM4 CHRM4@inh
C0037315,HTR2C HTR2C@inh SLC6A4
C0151889,ADRA2A ADRA2B ADRA2C CYP2D6@inh DRD1 DRD1@inh DRD2 DRD2@inh DRD3 DRD3@inh DRD4 DRD4@inh DRD5 DRD5@inh HRH1 HTR1A HTR1A@inh HTR2A HTR2A@inh HTR2C HTR2C@inh HTR7
C0746883,DHFRL1 TYMS TYMS@inh
C0920289,ADRA1A ADRA1A@inh ADRA1B ADRA1B@inh ADRA2A ADRA2A@inh ADRA2B ADRA2B@inh ADRA2C CHRM1 CYP2D7P1 DRD1 DRD1@inh DRD2 DRD2@act DRD3 DRD3@inh DRD4 DRD4@inh DRD5 DRD5@inh HRH1 HTR1A@inh HTR1B HTR1D HTR1E HTR2A HTR2B HTR2C HTR2C@inh HTR6 HTR7 HTR7@inh SLC6A4
C0013132,ADRA1A ADRA1A@inh ADRA1B ADRA1B@inh ADRA2A ADRA2C DRD1 DRD1@inh DRD2 DRD2@inh DRD3 DRD3@inh DRD4 DRD4@inh DRD5 DRD5@inh HRH1 HRH3 HTR1A HTR1A@inh HTR1E HTR2A HTR2A@inh HTR2B HTR2C HTR5A HTR6 HTR7
C0039070,HTR1A HTR1A@inh HTR1B HTR1D HTR1E HTR2B HTR7
C0043387,CYP2B6 CYP2B6@inh CYP2D6 CYP2D6@inh SLC6A2 SLC6A2@inh SLC6A3 SLC6A3@inh SLC6A4 SLC6A4@inh
C0015644,ACHE ACHE@inh BCHE BCHE@inh
C0917799,HTR1A HTR1A@inh HTR1B HTR1D HTR1D@inh HTR1E HTR1F HTR2B PTAFR TBXA2R
C0043387,HTR1A HTR1A@act HTR1B HTR1B@act HTR1D HTR1D@act
C0011071,ADRA1A ADRA1A@inh ADRA1B@inh ADRA2A ADRA2B ADRA2C DRD1@inh DRD3@inh DRD4 DRD4@inh DRD5 DRD5@inh HRH1 HRH2 HTR1D HTR2A HTR2A@inh HTR2C HTR5A HTR6 HTR7 KCNH2 SLC6A4
C0014724,PTGS1 PTGS1@inh PTGS2 PTGS2@inh
C0036104,CHRM1 CHRM1@act
C0240802,ADRA1A ADRA1A@inh ADRA1B ADRA2A ADRA2B ADRA2C CALM1 CALML3 CALN1 CHRM3 DRD1 DRD1@inh DRD2 DRD2@inh DRD3 DRD3@inh DRD4 DRD4@inh DRD5 DRD5@inh HRH1 HRH2 HTR1A HTR2A HTR2A@inh HTR2C HTR5A HTR6 HTR7
C0262988,SLC12A3 SLC12A3@inh
C0917801,DRD1 DRD2@act DRD4 DRD5 HTR1B HTR1D HTR2B
C0024902,CYP2B6 CYP2B6@inh
C0151602,AGTR1 AGTR1@inh SLC15A1 SLC15A1@inh UGT1A4
C0027765,CYP2D6 CYP3A4
C0152029,ADRA1A@inh ADRA1B@inh ADRA2A ADRA2A@inh ADRA2B@inh ADRA2C DRD2 HTR1A HTR1A@inh HTR1D HTR2A HTR2A@inh HTR2B HTR2C HTR2C@inh HTR7 SLC6A4
C0013146,OPRD1 OPRD1@act OPRK1 OPRK1@act OPRM1 OPRM1@act
C0149931,SLC6A2 SLC6A2@inh SLC6A3 SLC6A3@inh SLC6A4 SLC6A4@inh
C0018799,CYP2D6 CYP2D6@inh SLC6A2 SLC6A2@inh SLC6A4
C0231528,CYP1A2 CYP2C9 CYP2C9@inh
C0242429,ADRB1 ADRB1@inh ADRB2 ADRB2@inh ADRB3
C0751295,ADRB1 ADRB1@inh ADRB2 ADRB2@inh ADRB3
C0151610,HTR1F
C0231530,ADRA1A@inh ADRA1B@inh ADRA2A ADRA2A@inh ADRA2B@inh DRD1@inh DRD2@act DRD5@inh HTR1A HTR1A@inh HTR1B HTR1D HTR1D@inh HTR1E HTR2A HTR2A@inh HTR2B HTR2C HTR2C@inh HTR7 PTAFR
C0349506,CYP2C9 CYP2C9@inh
C0549209,CHRM1 HTR2A HTR4 HTR6 HTR7
C0151942,ADRB1 ADRB1@inh ADRB2 ADRB2@inh ADRB3
C0151610,DRD1 DRD1@inh DRD2@act DRD3 DRD4 DRD5 DRD5@inh HTR1A HTR1A@inh HTR1B HTR1D HTR1D@inh HTR1E HTR2A HTR2B HTR7 HTR7@inh PTAFR
C0740394,CA12 CA4 CA9 SLC12A1 SLC12A1@inh
C0021167,ADRA1A@inh ADRA1B@inh ADRA2A ADRA2A@inh CYP2D6 CYP2D6@inh DRD2@act DRD3@inh DRD4 DRD4@inh DRD5 DRD5@inh HTR1D HTR2A HTR2B HTR2C HTR2C@inh HTR7 SLC6A4
C0026821,CYP2C9@act CYP2D6 CYP2D6@inh CYP3A4 CYP3A4@inh CYP3A7
C0039070,ADRA1A@inh ADRA1B@inh CYP2D6 HTR2A HTR2A@inh HTR2C HTR2C@inh SLC6A4
C0855329,ADRA1A@inh ADRA1B@inh ADRA2A@inh ADRA2B@inh DRD1 DRD1@inh DRD2 DRD2@inh DRD3 DRD3@inh DRD4 DRD4@inh DRD5 DRD5@inh HTR1A HTR1A@inh HTR1D@inh HTR1E HTR1F HTR2A HTR2A@inh HTR2B HTR2C HTR2C@inh HTR5A KCNH2 PTAFR TBXA2R
C0013362,SLC6A2@inh SLC6A4 SLC6A4@inh
C0595930,ADRA2A CYP2D6@inh DRD1 DRD4 DRD5 HTR1D@inh HTR2A HTR2B HTR2C HTR2C@inh HTR6 HTR7 SLC6A4
C2979982,CYP2B6 CYP2B6@inh CYP2D6@inh SLC6A3 SLC6A4 SLC6A4@inh
C0037315,ADRA2A ADRA2B ADRA2C DRD1 DRD2 DRD2@act DRD3 DRD3@act DRD4 DRD4@act DRD5 DRD5@act HTR1B HTR1D HTR2A HTR2B HTR7
C0000737,CYP2C9 CYP3A4
C0003615,DRD3@act DRD4@act DRD5@act HTR2A HTR2B HTR2C
C0151626,CYP2C8 CYP2C8@inh CYP2C9@act CYP2C9@inh
C0017566,CACNA1B CACNA1C CACNA1D CACNA1F CACNA1G CACNA1I CACNA1S
C0029134,CYP1A1 CYP1B1 ESR1@inh
C0349506,CHRM5 CYP2D6@inh DRD1 DRD1@inh DRD3@inh DRD4@inh DRD5@inh HRH1 HTR2A HTR2A@inh HTR2B HTR2C HTR2C@inh HTR5A HTR6 HTR7 SLC6A4
C0442874,CYP1A2 CYP2C8 CYP2C8@inh CYP2C9 CYP2C9@inh
C0013362,ADRA1A@inh ADRA1B@inh ADRA2A ADRA2A@inh ADRA2B@inh CHRM5@inh DRD1 DRD1@inh DRD2 DRD3 DRD5 HTR1A@inh HTR1B HTR1B@inh HTR1D@inh HTR1E HTR2A HTR2A@inh HTR2C HTR2C@inh HTR6 HTR6@inh HTR7 PTAFR TBXA2R
C0152128,OPRD1 OPRD1@act OPRK1 OPRK1@act OPRM1 OPRM1@act
C0023518,DRD4 DRD4@act DRD4@inh
C0151836,CYP2B6@inh CYP2D6 CYP2D6@inh SLC6A3 SLC6A4 SLC6A4@inh
C0312420,ADRA2A@act ADRA2B ADRA2C DRD1 DRD1@act DRD2 DRD2@act DRD3 DRD3@act DRD4 DRD4@act DRD5 DRD5@act HTR1A@act HTR1B HTR1B@act HTR1D HTR1D@act HTR2A HTR2A@act HTR2B HTR2B@act HTR2C HTR2C@act
C1167709,PTGS1 PTGS1@inh PTGS2 PTGS2@inh
C0011991,CYP1A2 CYP2C8 CYP2C8@inh CYP2C9 CYP2D6 CYP2D6@inh
C0043387,ADRA2A ADRA2B@act ADRA2C@act HTR2A HTR2B HTR2B@act HTR2C HTR2C@act
C0002170,CYP2C9@inh CYP3A4 CYP3A4@inh
C0013378,CYP2C9 CYP2C9@inh
C0026848,CYP2C8 CYP2C9 CYP2C9@act CYP2C9@inh CYP3A4 CYP3A4@act CYP3A4@inh
C0042023,CYP2B6 CYP2B6@inh CYP2C9 CYP3A4
C0151836,ADRA1A@inh ADRA2A ADRA2A@inh HTR1A HTR1A@inh HTR2A HTR2A@inh HTR2C HTR2C@inh
C0020461,AGTR1 AGTR1@inh CYP2C9 SLC15A1@inh
C0033581,SLC6A2 SLC6A2@inh SLC6A4 SLC6A4@inh
C0151315,CYP2B6 CYP2C9 CYP2C9@inh CYP3A4 CYP3A4@inh
C0042571,HTR2A HTR2B HTR2C HTR2C@inh
C0038587,CYP2B6 SLC6A2 SLC6A3 SLC6A4@inh
C0042029,CYP2C9 CYP3A4
C0020676,CHRM1 CYP2D6@inh SLC6A4 SLC6A4@inh
C0027796,CYP2B6@inh CYP2C9 CYP2D6 CYP3A4
C0015663,ADRA2A ADRA2A@inh CYP3A4 CYP3A4@inh DRD1 DRD2@act DRD3 DRD5 HTR1A@inh HTR2A HTR2B HTR2C HTR2C@inh HTR3A HTR6 HTR7 HTR7@inh PTAFR
C0234215,HTR1B HTR1B@act HTR1D HTR1D@act
C0020676,ADRA2A HTR2A HTR2B HTR2C HTR2C@inh HTR7
C0234238,ADRB1 ADRB1@inh ADRB2 ADRB2@inh ADRB3
C0042571,CYP2C9 CYP2C9@inh
C0232462,SLC6A2 SLC6A2@inh SLC6A3 SLC6A4 SLC6A4@inh
C0013395,CYP2C8 CYP2C9@inh CYP2D6 CYP3A4
C0027813,CYP1A2 CYP2C9 CYP2C9@inh
C0042798,CYP2B6@inh CYP2C9 CYP2C9@inh CYP2D6 CYP2D6@inh CYP3A4 CYP3A4@inh
C0233632,CYP2B6 CYP2B6@inh
C0011168,ADRA2A ADRA2B ADRA2C DRD1 DRD1@inh DRD3 DRD3@inh DRD4 DRD4@inh DRD5 DRD5@inh HTR1A HTR1A@inh HTR1B HTR1D HTR1E HTR2A HTR2B HTR2C HTR2C@inh HTR5A HTR6 HTR6@inh HTR7 PTAFR SLC6A4
C0016204,PTGS1 PTGS1@inh PTGS2 PTGS2@inh
C0040188,SLC6A2 SLC6A2@inh SLC6A3 SLC6A4
C0040456,ADRA1B@inh ADRA2A@inh ADRA2B@inh ADRA2C@inh CHRM1 CHRM1@inh CHRM2 CHRM2@inh CHRM3 CHRM3@inh CHRM4 CHRM4@inh CHRM5 CHRM5@inh DRD1@inh DRD2@act DRD3@inh DRD5@inh HTR1A@inh HTR1B@inh HTR1D@inh HTR2C@inh HTR3A HTR3A@inh HTR5A HTR6@inh HTR7@inh PTAFR SLC6A4
C0012569,CYP2B6 CYP2B6@inh
C0031350,CYP2C9 CYP2C9@inh CYP3A4
C0231530,HTR1F OPRK1
C0232461,SLC6A3 SLC6A3@inh SLC6A4 SLC6A4@inh
C0442874,CYP3A4 CYP3A4@inh CYP3A5 CYP3A7
C0032533,CYP2C9@act LDLCQ3 LDLCQ3@inh
C0085298,PDE5A PDE5A@inh
C0520463,CYP2C8@inh CYP2C9@act LDLCQ3 LDLCQ3@inh
C0011880,ADRA1A@inh ADRA1B ADRA1B@inh ADRA2A ADRA2A@inh ADRA2B@inh ADRA2C@inh CHRM5@inh CYP2D7P1 DRD1 DRD1@inh DRD2@act DRD2@inh DRD3 DRD3@inh DRD4 DRD4@inh DRD5 DRD5@inh HRH1@inh HTR1A@inh HTR1B HTR1D HTR1D@inh HTR1E HTR1F HTR2A@inh HTR2B HTR2C@inh HTR5A HTR6 HTR7 HTR7@inh PTAFR SLC6A4 TBXA2R
C0041105,CHRM2 CYP2D6 CYP2D6@inh HTR2A HTR4 SLC6A3 SLC6A4 SLC6A4@inh
C0162820,NR3C1 NR3C1@act
C0349506,HTR1B HTR1D HTR1E HTR1F
C0005747,ADRA1B ADRA2A ADRA2B ADRA2B@act ADRA2B@inh HTR1A HTR2A HTR2C HTR6
C0014549,CYP2D6 CYP2D6@inh SLC6A2 SLC6A2@inh SLC6A4 SLC6A4@inh
C0023308,CYP2C9 LDLCQ3 LDLCQ3@inh
C0003467,DRD2@act DRD3@act DRD4@act DRD5@act
C0011551,ADRA1B@inh ADRA2A@inh CYP2D6 CYP2D6@inh HTR2C@inh
C0023518,ADRA2A ADRA2A@inh ADRA2B ADRA2B@inh ADRA2C ADRA2C@inh CHRM5@inh DRD1 DRD1@inh DRD2 DRD2@act DRD2@inh HTR1A HTR1A@inh HTR1B HTR1B@inh HTR1D HTR1D@inh HTR1E HTR2A HTR2A@inh HTR2B HTR2C HTR5A HTR6 HTR6@inh HTR7 OPRK1 PTAFR SLC6A4 TBXA2R
C0085628,ADRA2A ADRA2A@inh HTR2A HTR2B HTR2C HTR2C@inh HTR7
C0151576,CYP2C8@inh CYP2C9 CYP2C9@inh PPARA
C0023533,CYP1B1 ESR1 ESR1@act ESR2
C0003467,HTR1B HTR1B@act HTR1D HTR1D@act
C0019158,CYP1A2 CYP1A2@inh
C0028778,HTR1B HTR1D HTR1E HTR1F HTR2B HTR2C@inh HTR5A HTR7
C0151610,ADRA2A@inh ADRA2B@inh ADRA2C@inh HTR2C HTR2C@inh OPRK1
C0409974,CYP2E1 MPO
C0549622,ADRA2A CHRM1 CYP2D6 CYP2D6@inh HTR2A HTR2C HTR4 OPRK1
C1510410,CYP2B6 CYP2B6@inh CYP2D6
C0151706,ESR1 ESR1@act ESR1@inh ESR2
C0028738,SCN5A SCN5A@inh
C0013144,HRH1 HRH1@inh
C0004096,CYP2B6@inh CYP2C9 CYP2C9@inh
C0017160,CYP2B6@inh CYP2C9
C0020625,ADRA2A@inh HTR1A@inh HTR1D@inh HTR2A HTR2C HTR2C@inh HTR6@inh HTR7 OPRK1 PTAFR SLC6A4 TBXA2R
C0025874,ESR1 PGR PGR@act
C0026848,CYP2D6 CYP2D6@inh CYP3A5 CYP3A7 LDLCQ3 LDLCQ3@inh
C0151905,CYP2C9 CYP2C9@inh CYP3A4
C0232461,ADRA2A@inh HRH1@inh HTR1A HTR1D HTR1F HTR2A HTR2B HTR2C HTR2C@inh HTR7
C0278106,HTR2C SLC6A2 SLC6A2@inh SLC6A3 SLC6A4 SLC6A4@inh
C0006277,CYP2C8 CYP2C9
C0038661,ADRA2A ADRA2A@inh ADRA2B ADRA2B@inh HTR2C HTR2C@inh SLC6A4
C0151772,CYP2B6@inh SLC6A3 SLC6A4 SLC6A4@inh
C0006147,CHRM1@inh CHRM2@inh CHRM3@inh CHRM4@inh
C0009806,CHRM5
C0039070,CYP2C9
C0233407,CYP2D6 CYP2D6@inh SLC6A2 SLC6A2@inh SLC6A4 SLC6A4@inh
C0027051,CYP2C9 PTGS1 PTGS2@inh
C0851578,CYP2D6 CYP2D6@inh HTR2C OPRK1 SLC6A4
C0003123,CYP2C9 CYP3A5 CYP3A7
C0003862,CYP1A2 CYP2B6@inh CYP2C9 CYP2C9@inh CYP2D6
C0013491,CYP2C9 CYP2C9@inh UGT1A4 UGT2B7
C0030554,CYP2C9 CYP2C9@inh
C0151576,CYP3A4 CYP3A4@inh HTR1D@inh
C0008370,CYP1A1 CYP1A2 CYP2C9 CYP2C9@inh FMO3
C0917799,ADRA1B ADRA1B@inh ADRA2A ADRA2A@inh ADRA2B ADRA2B@inh ADRA2C ADRA2C@inh DRD1 DRD1@inh DRD2 DRD2@act DRD3 DRD3@inh DRD4 DRD4@inh DRD5 DRD5@inh HTR2A HTR2C HTR2C@inh HTR3A HTR6 HTR7 HTR7@inh SLC6A4
C0231530,SLC6A3@inh SLC6A4 SLC6A4@inh
C0547030,OGFR OPRD1@act OPRK1@act OPRL1 OPRM1 SIGMAR1
C0687133,CYP3A4 CYP3A4@inh CYP3A7
C0013595,SLC6A2 SLC6A3@inh SLC6A4 SLC6A4@inh
C0014518,CYP2C8 CYP2C8@inh CYP2C9@act CYP2C9@inh
C0017979,ADRA2A DRD1 DRD1@inh DRD2@inh DRD3 DRD3@inh DRD4 DRD4@inh DRD5 DRD5@inh HTR1B HTR1D HTR1E HTR2A HTR2B HTR2C HTR5A HTR6 HTR7
C0018799,CYP3A4 CYP3A4@inh
C0151610,CYP2B6@inh CYP2D6 CYP2D6@inh SLC6A4 SLC6A4@inh
C0233632,SLC6A2 SLC6A2@inh SLC6A3 SLC6A3@inh SLC6A4 SLC6A4@inh
C0521516,CYP2C9@act LDLCQ3 LDLCQ3@inh
C0543698,CYP2B6@act CYP2C9@act LDLCQ3 LDLCQ3@inh
C0858635,ADRA2B@inh CYP2D6@inh HTR1A@inh HTR1D HTR2A HTR2B HTR2C HTR2C@inh HTR7 OPRK1 SLC6A4
C0033581,ADRA2A DRD2@act DRD3@act DRD4@act DRD5@act HTR1B HTR1D HTR2A HTR2C HTR7
C0043352,CYP2C9
C0085632,CYP2D6 CYP2D6@inh SLC6A2 SLC6A3 SLC6A3@inh SLC6A4 SLC6A4@inh
C0344320,CYP2D6 HTR1A HTR1D HTR2A HTR2B HTR2C
C0235146,HTR1A HTR1B HTR1D HTR1E HTR1F HTR2A HTR2B HTR2C HTR2C@inh
C0020651,ACE ACE@inh
C0151878,CYP2D6 CYP2D6@inh KCNH2
C0751295,LDLCQ3 LDLCQ3@inh
C0022408,CYP3A4 CYP3A5
C0023052,ACE ACE@inh
C0042401,CYP2B6 CYP2B6@inh CYP2C9 CYP3A4@inh
C0232487,HTR1B HTR1D HTR1D@inh HTR2B HTR2C HTR7
C0234458,ADRA2A ADRA2A@inh HTR2A HTR2B HTR2C HTR2C@inh
C0011071,CALM1 DRD2 DRD2@inh
C0038454,ACE ACE@inh
C0013428,CYP2C9 PTGS1 PTGS1@inh PTGS2 PTGS2@inh
C0027059,ADRA1B@inh ADRA2A@inh ADRA2B@inh ADRA2C@inh DRD1@inh DRD3@inh DRD4@inh DRD5@inh HTR1A@inh HTR1D@inh HTR1E HTR2C@inh HTR7@inh PTAFR TBXA2R
C0029927,CYP2C9 ESR1 ESR1@act ESR1@inh
C0085633,CYP2D6 CYP2D6@inh SLC6A3 SLC6A4 SLC6A4@inh
C0151824,CYP2C19 CYP2C19@inh
C0232292,HRH1 HRH1@inh
C0392176,CA1 CA12 CA14 CA2 CA4 CA5B CA6 CA7 CA9 SLC12A1 SLC12A1@inh
C0013362,HTR1F OPRK1
C0162297,OPRD1 OPRD1@act OPRK1 OPRK1@act OPRL1 OPRM1 OPRM1@act
C0018801,CYP2C9 PTGS1 PTGS1@inh PTGS2 PTGS2@inh
C0020507,CACNA1B CACNA1C CACNA1D CACNA1F CACNA1I CACNA1S CYP3A4 CYP3A5
C0338831,CYP1A2 CYP1A2@inh
C0314719,HTR1B HTR1D HTR1E HTR1F
C0038661,ADRA2C CYP2D6 CYP2D6@inh DRD1 DRD2@act DRD4 DRD5 HTR1A HTR1B HTR1D HTR2A HTR2B HTR7
C0235063,PTGS1 PTGS1@inh PTGS2 PTGS2@inh UGT2B7
C0012569,SCN5A SCN5A@inh
C0017979,CA2 CA2@inh SLC12A3 SLC12A3@inh
C0018524,HTR1B HTR1D HTR1F
C0023518,DRD5 DRD5@act DRD5@inh
C0030305,CYP3A4@inh CYP3A7
C0267596,ADRA1B@inh ADRA2B@inh CYP2D6 HTR1A@inh HTR1D@inh HTR2B HTR2C HTR2C@inh PTAFR SLC6A4
C0017178,CYP2D6 CYP2D6@inh CYP3A4 CYP3A4@inh
C0033975,CYP1A2 CYP1A2@inh CYP2E1
C0042571,HTR1B HTR1D HTR1F
C0151205,DRD1 DRD2@act DRD3@act DRD4@act DRD5@act HTR2A HTR2A@act
C0235969,HTR2C SLC6A2 SLC6A2@inh SLC6A3 SLC6A4 SLC6A4@inh
C0547030,CYP2D6 CYP2D6@inh HTR2C
C0022104,ADRA2A CYP2D6 DRD3 DRD4 DRD5 HTR2A HTR2B HTR2C HTR7
C0424823,ADRA1A@inh ADRA1D CALML3 CALN1 CHRM5 HTR2A@inh SLC6A3
C0013378,CYP2D6 CYP3A4 SLC6A4@inh
C0023066,ADRB1 ADRB1@inh ADRB2 ADRB2@inh ADRB3
C0149931,CYP2B6@inh CYP2C9 CYP3A4
C0233571,SCN10A SCN10A@inh
C0085605,CYP2C9@inh
C0234987,ADRA1A@inh ADRA1B@inh ADRA1D@inh ADRA2A ADRA2C
C0022346,CYP3A4@inh CYP3A7
C0042963,CYP2C8 CYP2C9 CYP2C9@inh CYP3A4 CYP3A4@inh
C0080274,ADRA2C CYP1A2 HTR3A@inh
C0162557,CYP3A5@inh CYP3A7@inh CYP51A1 CYP51A1@inh
C0338831,CYP2B6@inh SLC6A2 SLC6A3 SLC6A3@inh
C0428772,CYP1B1 CYP1B1@inh TOP2B TOP2B@inh
C1140680,AR@inh CYP1B1 ESR1 ESR1@act ESR1@inh
C2239176,CYP2C8@inh LDLCQ3 LDLCQ3@inh
C0035410,LDLCQ3 LDLCQ3@inh
C0011206,SLC6A4 SLC6A4@inh
C0018418,ABCB1 ABCB1@inh ABCB5 TBC1D9
C0085612,PDE5A PDE5A@inh
C0086565,CYP2B6@inh CYP2C9 CYP2C9@inh CYP3A4@inh
C0424000,DRD2 DRD3 DRD4 DRD5 HTR1B HTR1D HTR2A HTR2C HTR3A HTR6 HTR7
C0002453,CYP2B6@inh SLC6A3
C0015695,CYP2C9 CYP2D6@inh CYP3A4@inh LDLCQ3 LDLCQ3@inh
C0020701,CHRM1 CYP2B6 CYP2B6@inh CYP2D6 CYP2D6@inh SLC6A2 SLC6A3 SLC6A3@inh SLC6A4 SLC6A4@inh
C0233407,ADRB1@inh ADRB2@inh
C0018520,CYP2B6@inh CYP2D6@inh CYP3A4 SLC6A2 SLC6A2@inh SLC6A3 SLC6A3@inh SLC6A4@inh
C1260880,ADRA2A ADRA2B@act ADRA2C ADRA2C@act DRD1 DRD1@act DRD2 DRD2@act DRD3@act DRD4@act DRD5 DRD5@act HTR1A HTR1B HTR1D HTR2B HTR2C HTR7
C0020039,ADRA2A ADRA2A@inh HTR1A HTR1A@inh HTR2A HTR2A@inh HTR2C HTR2C@inh OPRK1 SLC6A4
C0027424,ADRB1 ADRB2
C0037822,HTR1B HTR1D HTR1E HTR1F HTR2B
C0341697,AGTR1@inh SLC15A1 SLC15A1@inh
C0030305,CYP2C8 CYP2C9@inh
C0344320,ADRB1 ADRB1@inh ADRB2 ADRB2@inh
C0151480,ACE ACE@inh
C0013404,ADRA2B ADRA2C HTR1A HTR1B HTR1D HTR1E HTR1F HTR2B
C0014130,CYP2D6@inh DRD5 DRD5@inh HTR2B HTR2C HTR7 SLC6A4
C0178428,SCN5A SCN5A@inh
C0021080,NR3C1 NR3C1@act
C0038454,CHRM5@inh SLC6A4 SLC6A4@inh
C0085649,CYP2B6@inh CYP2C9 CYP3A4
C0085688,ABCB1 ABCB1@inh CALM1 CHRM1 CHRM2 HTR2A
C0151772,ADRA2A@inh CYP2D6 CYP2D6@inh CYP3A4 HTR1A@inh HTR1B HTR1D HTR1E HTR1F HTR2B HTR2C HTR2C@inh HTR7
C0232431,ADRA2A DRD3@act DRD4@act DRD5@act HTR2A HTR2B HTR2C
C0409974,SCN5A SCN5A@inh
C0151559,SCN5A SCN5A@inh
C0233414,ADRA2B@inh CYP2D7P1 HTR2A HTR2B HTR2C HTR2C@inh SLC6A4
C0025061,CYP2D6 CYP2D6@inh CYP3A4
C0085632,ADRA2A HTR1A@inh HTR1F HTR2B HTR2C HTR2C@inh HTR7
C0231218,CYP2C9 CYP2C9@inh
C0857496,CYP19A1 CYP19A1@inh
C0003864,CYP2C9 CYP2C9@inh CYP2D6 CYP3A4 LDLCQ3 LDLCQ3@inh
C0085633,HTR2A HTR2C
C0333355,TOP2A TOP2A@inh TOP2B TOP2B@inh
C0018772,PDE5A PDE5A@inh
C1510472,SLC6A2 SLC6A2@inh SLC6A3 SLC6A4 SLC6A4@inh
C0023530,DRD1@inh DRD2@inh DRD3@inh DRD5@inh HTR6
C0085628,CYP2B6@inh SLC6A4 SLC6A4@inh
C0236068,HTR1B HTR1D HTR1E
C0333641,NR3C1 NR3C1@act
C0002962,ACE ACE@inh
C0014394,ADRA1B@inh ADRA2A ADRA2A@inh ADRA2B@inh ADRA2C@inh DRD2 DRD2@inh HTR1A HTR1A@inh HTR1D@inh HTR2A HTR2B HTR2C HTR2C@inh HTR6 SLC6A4
C0017675,PTGS1 PTGS1@inh PTGS2 PTGS2@inh
C0332575,CYP3A7 ESR1@act
C0547030,CYP3A5 CYP3A7
C0852733,HTR2C HTR6 SLC6A4
C2979982,ADRA1B@inh ADRA2A@inh ADRA2B@inh DRD2@act HTR1A@inh HTR1D@inh HTR2B HTR2C HTR2C@inh
C0011551,HTR1A HTR1A@inh HTR1B HTR1D HTR1E HTR1F
C0013491,PTGS1 PTGS1@inh PTGS2 PTGS2@act PTGS2@inh
C0018965,CYP2C19@inh CYP2C9 CYP2C9@inh
C0151547,CYP2C9 CYP2C9@inh
C0002878,ACE ACE@inh
C0004044,ADRA2A ADRA2B ADRA2C CHRM3 DRD1@inh DRD2 DRD2@inh DRD3 DRD3@inh DRD4 DRD4@inh DRD5 DRD5@inh HRH1 HRH3 HTR1A HTR1A@inh HTR2A HTR2A@inh HTR2C HTR3A HTR5A HTR6 HTR7
C0015734,OPRK1
C0042267,CYP2B6@inh CYP3A4
C0042373,CYP2D6 CYP2D6@inh SLC6A4 SLC6A4@inh
C0686347,SLC6A3 SLC6A4@inh
C0700198,ADRA2B@inh DRD1 DRD1@inh DRD5@inh HTR1A@inh HTR1B@inh HTR1D@inh HTR2C@inh HTR3A@inh HTR5A HTR6@inh
C0012813,CYP2D6 HTR2C
C0014591,CYP2B6@inh CYP2C9 CYP2C9@inh
C0040264,CYP2D6 CYP2D6@inh HTR2A SLC6A4 SLC6A4@inh
C0021308,CYP1A2 CYP2C9
C2830004,CYP2C9 CYP2D6 CYP2D6@inh
C0025345,SLC6A2 SLC6A2@inh SLC6A3 SLC6A3@inh SLC6A4 SLC6A4@inh
C0043049,ADRA1B@inh ADRA2A@inh ADRA2B@inh DRD1 DRD1@inh DRD2@inh DRD3@inh DRD4@inh DRD5@inh HTR1A@inh HTR1E HTR1F HTR2A@inh HTR2C@inh HTR6 PTAFR TBXA2R
C0018799,ADRA2A ADRA2B@inh HTR2A HTR2C
C0235267,ADRA2A@inh HRH1 HRH1@inh
C0014356,ALOXE3 UGT1A1
C0243026,TOP2A TOP2A@inh TOP2B TOP2B@inh
C1456784,DRD2@act DRD3@act DRD4 DRD4@act DRD5@act HTR2A HTR2B
C0006444,CYP2B6@inh CYP2D6 CYP2D6@inh SLC6A4 SLC6A4@inh
C0277925,HTR1B HTR1D
C0702166,CYP2B6@inh
C0877322,CYP2D6 CYP2D6@inh HTR2A HTR2B HTR7 SLC6A4
C0010692,CYP2B6@inh CYP2C9@inh
C0013404,CYP2C9
C0151474,CYP2B6@inh
C0009676,CHRM1 CHRM1@inh CHRM3 CHRM4 CHRM4@inh CHRM5 CHRM5@inh
C0015645,ALB PTGS1@inh PTGS2 PTGS2@act PTGS2@inh TTR
C0041956,TOP2A TOP2A@inh TOP2B TOP2B@inh
C0241633,AR CYP19A1 CYP19A1@inh CYP3A4@inh ESR1 ESR1@act ESR1@inh
C0857121,ACE ACE@inh
C0002994,PTGS1 PTGS1@inh PTGS2 PTGS2@inh
C0018621,SLC6A2 SLC6A2@inh SLC6A3 SLC6A3@inh
C0043352,SLC6A3 SLC6A4@inh
C0151825,CYP2C9 CYP3A4 CYP3A4@inh
C0600097,SLC6A2 SLC6A2@inh
C0004604,CYP2C9 CYP3A4 CYP3A5
C0151827,CYP2B6@inh SLC6A4@inh
C0020564,CYP2D6 SLC6A2 SLC6A3 SLC6A4 SLC6A4@inh
C0037317,ADRB1 ADRB1@inh ADRB2@inh
C0541919,CYP2D6 DRD2 DRD2@inh DRD3 DRD3@inh DRD4 DRD4@inh
C0852733,CYP2D6@inh SLC6A2 SLC6A2@inh SLC6A3 SLC6A3@inh
C0003467,CYP2C9
C0027121,CYP2C8 CYP2C8@inh CYP3A4 LDLCQ3 LDLCQ3@inh
C0036104,ACHE ACHE@inh BCHE
C0232461,CYP2B6@inh CYP2C9 CYP2D6 CYP2D6@inh CYP3A4
C0020625,CYP2C19@inh
C0025323,ADRA2A ADRA2A@inh HTR1A HTR1A@inh HTR1D HTR1D@inh HTR2A HTR2B HTR2C HTR2C@inh
C0836924,ADRA1B@inh ADRA2A@inh ADRA2B@inh ADRA2C@inh CHRM3 CHRM3@inh CHRM4@inh CHRM5 CHRM5@inh DRD2@act HTR1A@inh HTR1B@inh HTR1D@inh HTR2A HTR2C HTR2C@inh HTR6@inh HTR7@inh SLC6A4
C0010520,HTR1F
C0015672,CYP3A4
C0006145,ADRA1A@inh ADRA1B@inh CYP2D6 CYP2D6@inh CYP3A4 HTR1D@inh HTR2B HTR2C HTR2C@inh HTR7
C0019158,CYP3A4@inh CYP3A5 CYP3A5@inh CYP3A7@inh
C0020550,CHRM5@inh DRD1 DRD2@act DRD4 DRD5 HTR1B HTR1D HTR1E HTR2A HTR2B HTR2C
C0030305,ACE ACE@inh
C0036974,CYP2B6 CYP2C18 CYP2C9
C0039971,SLC6A2 SLC6A3 SLC6A3@inh SLC6A4 SLC6A4@inh
C0040038,CYP19A1 CYP19A1@inh
C0040460,ADRA2B@inh CYP3A4 DRD1 DRD2@act DRD3 DRD4 DRD5 HTR1B HTR1D HTR2A HTR2B HTR2C HTR2C@inh HTR7
C0009421,PTGS1 PTGS1@inh PTGS2 PTGS2@inh
C0020443,CYP2B6@inh CYP3A4 SLC6A4 SLC6A4@inh
C0043144,ADRB1 HTR1D@inh HTR2B
C0349506,PTGS1 PTGS1@inh PTGS2 PTGS2@inh
C0398353,GABRA1 GABRA2 GABRA3 GABRA5 GABRA6
C0012569,CYP2D6 CYP2D6@inh SLC6A4 SLC6A4@inh
C0017601,CHRM1 CYP2D6 CYP2D6@inh SLC6A3 SLC6A3@inh SLC6A4 SLC6A4@inh
C0017675,CYP2C9 CYP2C9@inh CYP3A4
C0019572,AR AR@inh
C0235146,CYP2D6 CYP2D6@inh SLC6A4 SLC6A4@inh
C0442874,CYP2B6@inh CYP2D6@inh
C0549448,CHRM3 CHRM3@inh CHRM4@inh CHRM5 CHRM5@inh HTR1B@inh HTR1D@inh HTR2C@inh HTR6@inh
C0014742,CYP1A2 CYP1A2@inh
C0031117,CYP2C8@inh CYP2C9@inh CYP3A4 CYP3A5 LDLCQ3 LDLCQ3@inh
C0042023,CYP2D6 CYP2D6@inh SLC6A2 SLC6A3 SLC6A4 SLC6A4@inh
C1258215,DRD1 DRD1@inh DRD2@inh DRD3 DRD3@inh DRD4@inh DRD5 DRD5@inh HTR2A HTR2A@inh HTR5A HTR6
C0001824,CHRM5 DRD2@inh DRD3@inh DRD4@inh DRD5@inh HRH1 HTR2C HTR6 SLC6A4
C0027947,DHFRL1 TYMS TYMS@inh
C0035067,ACE ACE@inh
C0221152,ADRA1A@inh CALM1 CALML3 CALN1 DRD2@inh DRD3@inh DRD4 DRD4@inh DRD5 DRD5@inh HTR6
C0231919,CHRM1@inh CHRM2 CHRM2@inh CHRM3 CHRM3@inh
C0233494,CHRM1 CHRM1@inh CHRM2@inh CHRM3 CHRM3@inh CHRM4@inh
C0042345,CYP2B6@inh HTR2C SLC6A4@inh
C0600142,CYP2D6 HTR2B
C0020564,CYP2C9
C0020580,HTR1B HTR1B@act HTR1D HTR1D@act
C0947912,CYP2C9 CYP3A4@inh
C0085649,HTR1A HTR1E HTR2B HTR7
C0220870,ADRB1 ADRB2
C0595877,ADRA1B@inh ADRA2A@inh ADRA2B@inh CYP2D6@inh HTR1A@inh HTR2C@inh
C1456784,HTR2C HTR2C@act
C0011206,CYP2B6 CYP2B6@inh
C0011206,CYP3A4 CYP3A4@inh OPRK1
C0013384,MAOB
C0014724,CYP2D6 CYP2D6@inh HTR1F HTR2A HTR2C HTR2C@inh
C0023530,CYP2B6@inh CYP2C9 CYP2C9@inh
C0041834,PTGS1 PTGS1@inh PTGS2 PTGS2@inh
C0011551,CYP2B6@inh
C0019158,CYP2B6 CYP2B6@inh CYP2D6@inh
C0025874,SLC6A3 SLC6A3@inh SLC6A4 SLC6A4@inh
C0034880,HTR1B HTR1B@act HTR1D HTR1D@act
C0002957,SLC6A2 SLC6A2@inh SLC6A3 SLC6A3@inh SLC6A4 SLC6A4@inh
C0003467,HTR3A HTR3A@inh
C0013456,CYP2C9 CYP3A4
C0036973,GLRA1
C0038354,HTR1A HTR1B HTR1D HTR1E HTR2A HTR2B HTR2C HTR6 HTR7
C0149725,ADRA1B@inh ADRA2A@inh ADRA2B@inh ADRA2C@inh ADRB1 CYP2C9 HRH2 HTR1A@inh HTR1D@inh HTR2B HTR2C@inh PTAFR
C0151706,CYP19A1 CYP19A1@inh
C0235146,GABRA1 GABRA2 GABRA3 GABRA4 GABRA5 GABRA6 GABRB2 GABRB3 GABRD GABRE GABRG1 GABRG2 GABRG3 GABRP
C0262988,CA12 CA1@inh CA2 CA2@inh CA4 CA4@inh CA5B CA7 CA9
C0278106,ADRA1A@inh ADRA2A CYP2D6
C0424823,KCND3 SLC6A2 SLC6A2@inh SLC6A4 SLC6A4@inh
C0750394,ADRA1B@inh ADRA2A@inh ADRA2B@inh ADRA2C@inh DRD1@inh DRD3@inh DRD4@inh DRD5@inh HTR1A@inh HTR1D@inh HTR1E HTR2C@inh HTR7@inh PTAFR
C0005741,ADRA2A@inh ADRA2B@inh CYP2D6@inh DRD2@act HTR1A@inh HTR1D@inh HTR2A HTR2C HTR2C@inh SLC6A4
C0016663,CYP3A4 CYP3A4@inh
C0021843,ADRA2A@inh CYP3A4 HTR1A@inh HTR1F HTR2C HTR2C@inh OPRK1 SLC6A4
C0022568,ADRA2A@act
C0028084,GABRA2 GABRA3 GABRA4 GABRA5 GABRA6
C0151908,CYP2B6@inh CYP2C9 CYP2D6 CYP3A4
C0314719,CHRM2 CHRM3 CHRM3@inh CHRM4@inh CHRM5 CHRM5@inh
C0520966,HTR1B@act HTR1D@act HTR1F
C0855329,ADRA2C@inh HTR1B@inh HTR3A HTR3A@inh HTR6 HTR6@inh HTR7 HTR7@inh
C0332575,CYP1B1@inh
C0017574,CYP2B6@inh
C0017601,ADRA2A ADRA2A@inh HTR1A@inh HTR2A HTR2C HTR2C@inh
C0034880,CYP2B6 CYP2B6@inh SLC6A3 SLC6A3@inh SLC6A4
C0042373,CYP3A4 HTR2B
C0220870,HTR1A HTR1A@act HTR1D HTR2B HTR2C HTR7 HTR7@inh
C0340865,PTGS1@inh PTGS2 PTGS2@inh
C0340865,ACE ACE@inh
C0001800,CYP2B6@inh
C0015732,CYP2D6@inh DRD5 DRD5@inh HTR2A HTR2B HTR2C HTR2C@inh
C0023066,OPRK1 OPRM1 OPRM1@act
C0038525,HTR1A@act HTR1B HTR1B@act HTR1D HTR1D@act HTR1E
C0041981,TOP2A TOP2A@inh TOP2B TOP2B@inh
C0085632,CYP2B6@inh
C0262397,AR AR@inh
C0409974,CYP1A2 FMO3
C0541820,NR3C1
C1320835,MPO
C1510497,CYP2C9@act LDLCQ3 LDLCQ3@inh
C0011175,CYP2B6@inh
C0018801,DRD1@act DRD2@act DRD3@act DRD4@act DRD5@act HTR2A HTR2A@act HTR2C HTR2C@act
C0232493,PTGS1 PTGS1@inh PTGS2 PTGS2@inh
C0017160,SLC6A2 SLC6A2@inh SLC6A3 SLC6A3@inh SLC6A4 SLC6A4@inh
C0020433,CYP2C9 CYP2D6 CYP3A4
C0026857,CYP3A4
C0033975,HTR1A@act
C0151905,CYP2D6@inh HTR2C@inh
C0220870,HTR1B HTR2A HTR2A@inh HTR5A
C0277925,CYP2D6 CYP2D6@inh HTR4 SLC6A3
C0013144,ADRA1A DRD2 DRD2@inh DRD4@inh
C0014335,CYP2C19@inh
C0027651,CYP3A4
C0037036,ACHE ACHE@inh
C0085593,HTR1F HTR2C@inh
C0151798,ALOX5 ALOX5@inh
C0856151,CYP2C9 CYP3A5@inh CYP3A7@inh
C0007859,SLC6A2 SLC6A2@inh SLC6A3 SLC6A3@inh SLC6A4 SLC6A4@inh
C0020580,CYP2B6@inh CYP2C9 CYP2D6 CYP2D6@inh CYP3A4
C0234458,CYP1A2 CYP2B6@inh
C0518988,DRD1 DRD2@act DRD5 HTR2C
C0009763,CYP2C9 UGT1A4
C0022116,CYP3A4
C0039446,NR3C1 NR3C1@act
C0085688,ADRA2A DRD1@inh DRD2 DRD3 DRD5@inh HTR1A HTR2C HTR5A HTR7 SLC6A4
C0241934,ADRA2A@inh CHRM4@inh CHRM5 CHRM5@inh
C0549622,CYP2B6@inh
C1258215,CHRM2 CHRM3 CHRM4 CHRM5 CHRM5@inh SLC6A4
C0002792,PTGS1 PTGS1@inh PTGS2 PTGS2@inh
C0020564,ADRA1A@inh ADRA2A@inh HTR2A HTR2A@inh HTR2C
C0033046,CYP2D6 CYP2D6@inh SLC6A3 SLC6A4
C0033860,ADRA2A ADRA2C HTR1D HTR2B HTR2C HTR7
C0036104,HTR1F
C0574067,CYP2B6 CYP2B6@inh CYP2C9 CYP3A4 CYP3A4@inh
C0001807,GABRA4 GABRA6 GABRB1 GABRB2 GABRB3 GABRD GABRE GABRG1 GABRG2 GABRG3 GABRP GABRQ
C0021177,CYP2B6@inh SLC6A3
C0022346,CYP1A2@inh
C0040479,HTR2C SLC6A4 SLC6A4@inh
C0221490,HRH1 HRH1@inh
C0278080,OPRD1 OPRD1@act OPRK1 OPRM1 OPRM1@act
C0393761,ADRA2A HTR2A HTR2C HTR7
C0877046,HTR2C HTR2C@inh
C0017160,CYP3A4 CYP3A4@inh HTR2C@inh
C0022904,OPRK1@act
C0152517,ADRA2A HTR2C SLC6A2 SLC6A2@inh SLC6A4
C0162830,SLC6A3 SLC6A3@inh SLC6A4 SLC6A4@inh
C0740394,HTR1B@inh HTR1D@inh HTR6@inh TBXA2R
C0006325,ADRA2A ADRA2B ADRA2C DRD1 DRD2@act DRD4@act DRD5 DRD5@act HTR2B HTR7
C0017979,CA12 CA4 CA5B CA6 CA7 CA9
C0021831,PTGS1@inh PTGS2 PTGS2@inh UGT2B7
C0022354,CA1 CA1@inh CA2 CA2@inh CA4 CA4@inh
C0729233,CYP2D6 CYP2D6@inh CYP3A4
C0007859,ADRA1B@inh ADRA2A@inh CYP3A4 HTR1A@inh HTR2A HTR2C@inh
C0010038,FMO1
C0011206,ADRA2A@inh ADRA2B@inh CHRM5@inh CYP2D6 CYP2D6@inh DRD1@inh DRD2@act HTR1A@inh HTR1B@inh HTR1D@inh HTR2C HTR2C@inh HTR3A@inh HTR6@inh HTR7 PTAFR
C0085633,CYP2B6 CYP2B6@inh
C0178428,ADRB1@inh
C0019348,CYP2C9 CYP2C9@inh
C0151723,CYP3A4@inh
C0013144,ADRA1D ADRA2B ADRA2C
C0013146,CYP2B6 SLC6A2 SLC6A2@inh SLC6A4@inh
C0014457,CYP2C8@inh CYP2C9 CYP2C9@inh
C0023067,CYP1A2 CYP2B6@inh CYP2C9 CYP3A4
C0151766,CYP3A7@act
C0151766,PPARA
C0234909,CYP1A1 CYP1B1
C0344232,CHRM1 CHRM1@inh CHRM2 CHRM2@inh CHRM3 CHRM3@inh CHRM4 CHRM5
C0854467,CYP1B1@inh
C0011334,SLC6A3 SLC6A4 SLC6A4@inh
C0018524,OPRK1 OPRK1@act
C0023518,DRD3 DRD3@act DRD3@inh
C0039520,SLC6A4 SLC6A4@inh
C0043096,CYP2B6@inh
C0151480,CYP2C8@inh LDLCQ3 LDLCQ3@inh
C0392676,SLC6A4
C0026821,CYP1A2 CYP1A2@inh
C0033975,SLC6A3 SLC6A4
C0151772,CYP1A2 MAOA
C0003467,ADRB1
C0011603,CYP1A2@inh CYP2C8 CYP2C9@inh
C0017152,CYP2C8 CYP2C9@inh CYP3A4
C0026826,CYP2C9
C0036508,CYP3A4@inh
C0040460,PTAFR SLC6A4 TBXA2R
C0392025,CYP3A4@inh CYP3A7
C0003635,ACHE ACHE@inh BCHE@inh
C0006114,DRD2@inh DRD3@inh DRD4 DRD4@inh DRD5 DRD5@inh HTR6
C0009324,ALOXE3 IL8 PTGS1 PTGS1@inh PTGS2 PTGS2@inh TTR
C0020757,LDLCQ3 LDLCQ3@inh
C0021141,ABCC8
C0023418,CYP2C19 CYP2C19@inh
C0036130,CYP2B6@inh SLC6A2 SLC6A2@inh SLC6A3 SLC6A3@inh
C0042133,ESR1 ESR1@act ESR1@inh
C0085649,CYP2D6 HTR2A HTR2C HTR2C@inh SLC6A4
C0151734,TOP2A TOP2A@inh
C0235146,MAOA MAOA@inh MAOB@inh
C0262576,LDLCQ3 LDLCQ3@inh
C0393760,SLC6A2 SLC6A2@inh SLC6A3 SLC6A3@inh
C0424092,SLC12A3 SLC12A3@inh
C0877322,SLC6A2 SLC6A2@inh SLC6A3 SLC6A3@inh
C2939186,TYMS TYMS@inh
C0026650,ADRA1A@inh ADRA1B@inh ADRA2B@inh DRD1@inh HTR1F KCNH2 PTAFR TBXA2R
C0026837,CYP2E1 SLC6A3
C0040435,CYP3A4 SLC6A3 SLC6A3@inh
C0235660,CYP3A5
C1456822,ADRB1 ADRB1@inh ADRB2 ADRB2@inh
C0011616,CYP2B6@inh CYP2C8 CYP2C9
C0011849,CYP2D6@inh HTR2B HTR2C SLC6A4
C0017601,DRD2@act
C0028734,CYP2D6 CYP2D6@inh SLC6A4 SLC6A4@inh
C0267596,CYP2C19@inh
C0332601,NR3C1 NR3C1@act
C0392676,CYP2E1
C0020443,HTR1D@inh HTR2B HTR2C HTR2C@inh
C0040479,CYP2B6 CYP2B6@inh
C0042109,CYP3A5 CYP3A7
C0409974,CYP2C8 CYP2C8@inh
C0011334,DRD1 DRD2@act
C0013144,HTR1A HTR1B HTR2A HTR2A@inh HTR5A HTR6
C0030794,AR@act
C0030794,ESR1 ESR1@inh ESR2
C0032290,ADRA2B@inh DRD1 DRD1@inh DRD5 HTR1D@inh HTR2B HTR3A@inh
C0085682,CYP3A4 CYP3A4@inh LCK
C0235234,ADRA2B@inh ADRA2C@inh CHRM1@inh CHRM2@inh CHRM3 CHRM3@inh CHRM4 CHRM4@inh CHRM5@inh HRH1@inh HTR2C HTR2C@inh
C0746883,TOP2B TOP2B@inh
C0857121,CACNA1C CACNA1D CACNA1F CACNA1S
C1443060,OPRK1 SLC6A2 SLC6A2@inh SLC6A4
C0009676,SLC6A4 SLC6A4@inh
C0014868,CYP2C9 PTGS1@inh PTGS2 PTGS2@inh
C0080274,OPRD1 OPRD1@act OPRK1@act OPRM1
C0151611,CALM1 DRD3@inh DRD4@inh DRD5@inh HTR6
C0162529,HTR1B@act HTR1D HTR1D@act
C0242350,CHRM3
C0024314,ABCB1
C0040456,OPRK1
C0042134,UGT1A4 UGT2B7
C0011168,CYP1A2 CYP2B6@inh
C0019270,CYP2C9
C0037023,CA4 SLC12A3 SLC12A3@inh
C0233754,ADRA1A@inh CYP2B6@inh SLC6A2 SLC6A2@inh SLC6A3 SLC6A3@inh
C0006145,SLC6A2 SLC6A2@inh SLC6A4
C0006277,CYP2B6@inh CYP3A4
C0020456,CYP2C9@inh
C0020564,CYP3A5 CYP3A7
C0025874,ADRA2A@inh CYP3A4 CYP3A4@inh HTR1A@inh HTR2C HTR2C@inh
C0038990,CYP2C9
C0020453,CYP2B6 CYP2B6@inh CYP3A4
C0021167,CYP2B6@inh CYP2C9
C0021368,PTGFR
C0026837,OPRD1 OPRD1@act OPRK1@act OPRM1 OPRM1@act
C0030794,CYP2B6@inh CYP2C9
C0013595,ADRA1A@inh ADRA1B@inh ADRA2B@inh HTR1A@inh HTR1D@inh HTR2B HTR2C HTR2C@inh
C0028734,CYP2C9 CYP3A7
C0029877,CYP2C19@inh CYP2C9 CYP3A4
C0033774,CYP2C9 CYP2C9@inh
C0033975,SCN5A SCN5A@inh
C0039971,HTR1A@inh HTR2C@inh
C0085633,ADRB1 ADRB1@inh ADRB2@inh
C0231218,CYP2D6 CYP3A4 CYP3A4@inh CYP3A5
C0004093,CYP3A4 CYP3A4@inh CYP3A7
C0018524,HTR1A@act
C0018979,DRD2@act DRD3@act DRD4@act DRD5@act
C0019825,ACE ACE@inh
C0027947,CYP3A4@inh PTAFR
C0030554,HTR1B HTR1D
C0037383,HTR3A HTR3A@inh HTR6@inh
C0151315,CYP2D6 CYP2D6@inh HTR2C@inh SLC6A4
C0151883,CYP3A4@inh
C0302810,ABCB1 ABCB1@inh
C0549433,HTR2A@inh
C0812387,CYP2D6 CYP2D6@inh SLC6A2 SLC6A2@inh SLC6A3 SLC6A4
C2004489,HTR1B@act HTR1D@act
C0013144,CHRM1 CHRM1@inh
C0036974,CYP1B1
C0015695,ADRA2B@inh HTR1D@inh PTAFR
C0018790,DRD5@inh HTR5A KCNH2
C0024236,CYP19A1 CYP19A1@inh
C0027707,CYP1A2 CYP1A2@inh
C0031099,DRD2@act DRD3@act DRD4@act DRD5@act HTR2A
C0041105,CHRM1 DRD3@inh DRD4@inh HTR2C
C0235437,HTR2C HTR2C@act
C0728899,PTAFR TBXA2R
C0013144,CHRM4 HRH4
C0014457,CYP1A2 CYP1A2@inh
C0022354,CA12 CA14 CA5B CA6 CA7 CA9
C0232333,CALML3 CALN1 KCNH2 KCNH2@inh
C0476089,CYP19A1 CYP19A1@inh
C1140680,CYP19A1 CYP19A1@inh
C0001623,NR3C1 NR3C1@act
C0009806,CYP2C9
C0013604,CYP2C9
C0025323,CYP2B6@inh CYP3A4 SLC6A4 SLC6A4@inh
C0028084,ADORA3
C0038354,HTR4
C0042487,CYP19A1@inh CYP3A4 CYP3A5
C0043144,HRH1@inh HRH3
C0034065,HTR1B@inh HTR1D@inh HTR2C@inh HTR6@inh
C0042267,HTR1F
C0002622,CYP1A2 CYP2B6@inh CYP2C9
C0002622,HTR1B HTR1D HTR1D@inh HTR1E HTR1F HTR2C HTR2C@inh
C0006840,CYP3A4 CYP3A4@inh
C0015672,HTR1B HTR1D
C0015967,CYP2C9 CYP3A4 CYP3A4@inh CYP3A5
C0033860,ADRA1A@inh CYP2D6 SLC6A4
C0041747,CYP2B6@inh SLC6A4 SLC6A4@inh
C0162830,ADRA2A@inh CYP2D6 HTR1A@inh HTR2C HTR2C@inh
C0231218,HTR1A@act HTR1B@act HTR1D@act
C0231530,CYP2B6
C0851578,CYP3A4 CYP3A4@inh
C0005940,CYP2D6 CYP2D6@inh
C0021368,TOP2A TOP2A@inh
C0026858,ESR1 ESR1@act ESR1@inh
C0029134,CYP2C9 CYP2C9@inh
C0033893,ADRA2B ADRA2C DRD1 DRD2@act DRD3 DRD4 DRD5 HTR1B HTR1D HTR2B HTR7
C0085633,CYP3A4 CYP3A4@act
C0149931,HTR2B HTR2C HTR2C@inh
C0162830,CYP3A5 CYP3A7
C0235234,DRD2@act DRD3@act DRD4@act DRD5@act HTR1B HTR1D HTR2B
C2242996,HTR1A@act HTR1B@act HTR1D@act
C0002884,ADRA1A@inh ADRA1B@inh ADRA2A@inh ADRA2B@inh DRD1 DRD1@inh DRD2@act DRD5 DRD5@inh HTR1A@inh HTR1D@inh HTR2B HTR2C@inh PTAFR SLC6A4
C0020452,ADRA2A
C0085628,OPRK1 OPRK1@act
C0085641,CYP2B6 CYP2B6@inh CYP3A4
C0151828,HTR1D@inh OPRK1
C0151907,CYP2B6@inh
C0393760,ADRA2A HTR7 SLC6A4
C0015376,TYMS TYMS@inh
C0021053,CYP1A2
C0027769,SLC6A2 SLC6A3 SLC6A4 SLC6A4@inh
C0031542,TOP2A TOP2A@inh TOP2B TOP2B@inh
C0036508,ADRA2A DRD1 DRD1@inh DRD5 HTR2A HTR2C HTR2C@inh HTR7
C0085611,GLRA1 GLRA2 GLRA3
C0151836,DRD1 DRD2 DRD2@act DRD3 DRD4 DRD5 HTR2B HTR7
C0280100,CYP3A4@inh CYP3A5
C0392025,ADRA1B@inh ADRA2A@inh HTR1A@inh HTR1F HTR2B HTR2C HTR2C@inh HTR7
C1536403,TOP2B TOP2B@inh
C0012569,CACNA1B CYP1A2
C0015402,CYP3A5
C0019521,CYP3A4
C0020578,SLC6A4 SLC6A4@inh
C0020578,HTR1B HTR1D HTR1F HTR2C HTR2C@inh
C0030252,CYP2C9 PTGS2@inh
C0041582,CYP2B6@inh CYP3A4 CYP3A4@inh
C0042023,HRH1@inh
C0240557,NR3C1
C0344307,OPRD1 OPRD1@act OPRM1 OPRM1@act
C2225524,CYP1A2 DRD3
C0014869,DRD2@act DRD3@act DRD4 DRD4@act DRD5@act HTR1A@act HTR1D HTR2B HTR7
C0020557,CYP3A7
C0021053,HTR2B
C0032226,CYP1B1
C0040261,ADRA1B@inh ADRA2A@inh ADRA2B@inh CYP2D7P1 HTR1A@inh HTR2B HTR2C@inh
C0042075,CYP3A4
C0042571,PTGS1 PTGS1@inh PTGS2 PTGS2@inh
C0264886,SCN5A SCN5A@inh
C0277925,ADRB1 ADRB1@inh
C0427008,ADRA2A@inh CYP3A4 HTR1D HTR2A HTR2B HTR2C HTR2C@inh SLC6A4
C0542571,CYP2C9 CYP3A4 CYP3A4@inh
C0877046,DRD2@act HTR2B
C1720775,UGT1A1
C0012813,ACHE@inh BCHE@inh
C0021167,CYP3A4 CYP3A4@inh CYP3A7
C0038379,GABRA1 GABRA2 GABRA3 GABRA5 GABRA6 GABRG1
C0151889,CHRM3 CHRM5@inh
C0013298,CYP2C9 CYP2C9@inh
C0018790,OPRM1 OPRM1@act
C0018801,SCN5A SCN5A@inh
C0020517,CYP3A5 CYP3A7
C0234233,ADRB1 ADRB1@inh ADRB2
C0235146,CYP3A7
C0242350,CYP2B6@inh CYP2C9@inh
C1291077,CYP2C19
C0002994,CYP1A2 CYP1A2@inh CYP2C8 CYP3A4
C0013456,SLC6A3 SLC6A3@inh SLC6A4 SLC6A4@inh
C0016436,CYP2B6@inh
C0018418,ADRA1D@inh
C0018790,SCN5A SCN5A@inh
C0028081,HTR2A HTR2B HTR2C SLC6A4
C0028778,CHRM1 CHRM3 CHRM3@inh CHRM4 CHRM5@inh
C0043094,CYP2C19 CYP2C9 CYP3A4@act
C0149937,CYP1A2 CYP1A2@inh
C0152128,SIGMAR1
C0233407,OPRD1 OPRD1@act OPRK1 OPRK1@act OPRM1@act
C0233407,CHRM5 CHRM5@inh
C0404521,DRD2@act DRD3@act DRD4@act DRD5@act
C0409974,CYP2C9 CYP2C9@inh FMO1
C0000833,CYP2B6@inh CYP2C9
C0003123,CYP2D6@inh SLC6A4 SLC6A4@inh
C0003537,CYP2D6 HTR1A@act HTR1D HTR2A HTR2B HTR7
C0003862,HTR1B HTR1D HTR1F HTR2B
C0005745,ADRB1 ADRB2 CYP2D7P1
C0019054,CYP2C9@act
C0023067,HTR2B HTR2C HTR2C@inh
C0029132,PDE5A PDE5A@inh
C0039971,HTR1B@act HTR1D@act HTR1E HTR1F
C0242528,PTGS1@inh PTGS2 PTGS2@inh
C0242698,CYP3A7
C0302295,NR3C1
C2981158,CYP2D6@inh LDLCQ3 LDLCQ3@inh
C0011053,ADRA1B@inh ADRA2A HTR2C@inh
C0013595,CYP1A2 CYP2B6@inh CYP2C9
C0030794,CYP2D6@inh SLC6A4
C0032617,CYP2B6@inh CYP2C9
C0234913,CYP2D6 CYP2D6@inh CYP3A4
C0014457,DRD2@inh DRD3@inh DRD5@inh
C0268000,ESR1@act
C0520966,OPRK1@act
C2240374,HTR2C@inh
C0006444,HTR2A HTR2C HTR2C@inh
C0012833,CYP3A7
C0020458,CYP2D6 CYP2D6@inh HTR1A HTR2A HTR2B HTR2C HTR7
C0042514,CYP1A2@inh
C0085635,DRD1 DRD1@act DRD4@act DRD5 DRD5@act HTR2C
C0221100,GABRA1 GABRB1 GABRB2 GABRB3 GABRD GABRE GABRG1 GABRG2 GABRG3 GABRP GABRR1 GABRR2 GABRR3
C0242350,SLC6A2@inh SLC6A3
C0003962,CYP3A4@inh CYP3A7
C0022116,HTR1B@act HTR1D@act
C0085633,CYP2C19
C0235309,ADRA2A ADRA2B ADRA2C HTR1D HTR2A HTR2B HTR2C HTR6 HTR7 SLC6A4
C0553724,CYP3A5
C0851341,CYP2D6 CYP3A4 HTR2C@inh
C0039591,SLC6A2 SLC6A2@inh
C0085632,CYP2C19@inh
C0086439,CYP2B6
C0151706,CYP1B1 NR3C2
C0206062,LCK
C0232431,SLC6A2 SLC6A2@inh
C0392176,SLC12A3 SLC12A3@inh
C0497327,ADRA2A DRD4@act DRD5@act HTR7
C0687713,PTGS2@act
C1287298,PTGS2@act
C1287298,TOP2B TOP2B@inh
C0002453,CYP3A4@inh
C0013404,ADRB1
C0016867,CYP2B6@inh
C0027932,CYP2B6@inh CYP2D6 SLC6A4@inh
C0149745,CYP2B6@inh CYP2C9 CYP3A4@inh
C0151662,HTR2C@inh PTAFR TBXA2R
C0542571,ADRA2A@inh CYP2D6 CYP2D6@inh HTR2A HTR2B
C1260880,HTR2A HTR2A@act
C0003811,CYP1A2 CYP2C9
C0024902,ESR1@act
C0085606,ADRA2A@inh HTR1F HTR2C HTR2C@inh
C0151825,HTR1F
C0002957,HTR1A@act HTR2B HTR2C
C0013491,CYP2B6@inh SLC6A3
C0018834,CYP1A2@inh CYP2C8
C0028259,CYP2C8 LDLCQ3 LDLCQ3@inh
C0038990,HTR1D HTR2B HTR2C@inh
C0040822,CYP3A7
C0042998,CYP19A1 CYP19A1@inh ESR1@inh
C0232495,ADRA2A HTR2B HTR2C
C0243065,GSTA1
C0264511,HTR2C@inh
C0423602,PTGFR
C1510410,HTR1B@act HTR1D@act MAOA
C0002878,CYP2C8
C0027627,CES1
C0041912,CYP3A4 SLC6A4
C0042571,CYP2D6@inh SLC6A4
C0232602,CYP2C19@inh
C0344232,ADRA2A HTR2A
C0018418,CACNA1G CACNA1I CYP3A5
C0019340,CYP2C9
C0032227,LCK
C0040188,CHRM1 HTR1B@inh HTR2C HTR6 HTR6@inh
C0151773,CYP2C19 CYP2C19@inh
C0917801,DRD3@inh HTR1A HTR2C HTR6 HTR7
C0006384,KCNH2
C0009782,HTR2B HTR2C HTR2C@inh SLC6A4
C0013132,ADRA2B ADRA2B@inh
C0013132,BCHE@inh
C0019080,TOP2A TOP2A@inh
C0020757,CYP1B1@inh
C0022893,HRH1@inh
C0023890,LDLCQ3 LDLCQ3@inh
C0035258,HTR2C SLC6A4
C0039520,ADRA2A@inh HTR1A@inh HTR2A HTR2C@inh
C0085637,CALM1 CALML3 CALN1
C0152115,CYP1A2 DRD3@inh DRD4@inh DRD5@inh
C0227791,CYP19A1@inh ESR1@act ESR1@inh
C0233763,DRD2@act DRD3@act DRD4@act DRD5@act
C0242973,CYP3A7
C0751623,CYP1B1@inh
C1260880,OPRD1@act OPRK1 OPRM1@act
C0018418,CYP2B6 SLC6A2 SLC6A4@inh
C0003811,ADRA2A@act
C0005758,CYP1A2@inh
C0009676,GABRA2 GABRA3 GABRA5 GABRB2 GABRD GABRE GABRG1 GABRG2 GABRG3 GABRP
C0016382,CYP2D6 HTR2B
C0017168,CYP2D6 CYP3A4
C0019112,SLC6A3 SLC6A4
C0022658,SLC15A1
C0027697,CYP2C9@inh
C0028738,TSPO
C0032285,CYP2B6@inh
C0040034,PTGS1 PTGS2 PTGS2@inh
C0042769,CYP3A4
C0086168,ABCB1 ABCB1@act ABCB1@inh ABCB5 TBC1D9
C0151626,CYP2B6@act CYP3A4@act CYP3A4@inh
C0151849,CYP3A4
C0151878,ADRA1A@inh CYP2D7P1 CYP3A7
C0151878,CYP3A4 CYP3A4@inh
C0344232,CYP2D6 CYP2D6@inh SLC6A4
C0013390,CYP2C19
C0016436,NR3C1@act
C0038325,CYP2C9 PTGS1@inh UGT2B7
C0086565,CYP2C8 CYP3A7@act
C0000729,CYP3A4 CYP3A7
C0002453,MAOB
C0004096,HTR2C HTR2C@inh
C0010709,CYP2C9 CYP3A4
C0011633,CYP2C9@act LDLCQ3 LDLCQ3@inh
C0014518,CYP2B6@act CYP3A4@act CYP3A4@inh
C0017565,CYP3A4 CYP3A5
C0018418,HRH2@inh
C0022638,CHRM5@inh HTR1B@inh HTR6@inh
C0033975,MAOB@inh
C0035078,UGT1A4
C0036974,CYP1A1@inh CYP3A4 CYP3A7
C0042024,CYP2B6@inh
C1536403,GSTA1
C0003873,DRD2@act HTR1B HTR1D HTR2A HTR2B HTR7
C0018926,HTR1E HTR2B
C0042023,HTR2A HTR2C
C0042035,CYP2D6 SLC6A2
C0151826,CYP3A4
C0456909,ABCB1 ABCB5 TBC1D9
C0007286,CYP19A1 CYP19A1@inh
C0013146,OPRL1
C0014743,CYP2B6 CYP2C9
C0020458,SLC6A2@inh SLC6A4
C0023218,CYP1A2 CYP2C9 CYP3A4
C0032226,LCK
C0035455,CYP3A4
C0042131,HTR1A@act
C0013144,GABRA2 GABRA3 GABRA4 GABRA5 GABRA6 GABRG1
C0027769,CYP2C9 PTGS1@inh
C0043096,CYP3A5
C0151786,CYP1A2 CYP3A4
C0151904,CYP2D6 CYP2D6@inh HTR2C@inh
C0233414,OPRK1
C0233762,SLC6A3@inh
C0235146,CYP2B6
C0270612,CYP3A5
C1306341,HTR2C@inh
C0002994,SLC15A1 SLC15A1@inh
C0018802,HTR2A
C0018926,CYP2C19@inh
C0023066,CYP2D6 HTR1B HTR5A
C0023533,CYP2B6@inh
C0237849,RXRA
C0857305,ADRB1@inh
C0009241,CYP2D7P1
C0015397,CYP2D6 CYP2D6@inh SLC6A4
C0017086,ADRA2A@act DRD4@act
C0027066,OPRK1@act
C0029882,CYP3A4
C0037317,MAOA@inh MAOB@inh
C0037383,DRD2@act DRD5@act HTR1B HTR1B@inh HTR1D
C0151571,SLC6A4@inh
C0235347,KCND3 SLC6A2 SLC6A2@inh SLC6A3 SLC6A4@inh
C0241705,ADRB2@inh ADRB3
C0333355,CYP1B1
C0541798,SLC6A2 SLC6A2@inh SLC6A3
C0542184,ABCC8
C0003864,AGTR1@inh
C0017181,CYP2B6@inh CYP2C9@inh
C0018834,CYP2C9 UGT1A4
C0022354,LDLCQ3 LDLCQ3@inh
C0022354,SLC12A3 SLC12A3@inh
C0030196,CYP2D7P1 HTR2B HTR2C
C0038454,KCNH2 KCNH2@inh
C0040460,AGTR1 AGTR1@inh
C0042401,SLC6A4 SLC6A4@inh
C0392684,CYP2D6@inh
C0015371,HTR3B HTR3C HTR3D HTR3E
C0027697,CYP1A2 CYP1A2@inh
C0029408,DRD3@act DRD4@act DRD5@act
C0038450,CHRM1
C0038663,ADRA2B@inh HTR1D HTR2C@inh SLC6A4
C0040264,CYP3A7
C0085614,HTR2A OPRK1 PTAFR
C0086132,CYP2D6 HTR1B HTR1D SLC6A4
C0235150,DRD3@act DRD4@act DRD5@act
C0235198,HTR1B HTR1D
C0004936,CYP3A4
C0009421,CYP2B6@inh
C0009676,CYP2C9
C0019209,CYP2D7P1
C0033860,ADRB1@inh
C0036454,CYP2B6@inh
C0085606,CHRM1 CHRM2
C0086565,PTGS1@inh PTGS2 PTGS2@inh
C0232462,CYP2D6 HTR2C
C0008325,CYP1A2 CYP2C9
C0035078,UGT1A1
C0035309,ABCB1 ABCB1@inh EBP
C0035357,ADRB1 ADRB2 HTR2B HTR6
C0085595,CYP2E1
C0085641,SLC6A4 SLC6A4@inh
C0151578,DCK
C0152198,HTR1F
C0232492,HTR1D HTR2B HTR2C HTR2C@inh
C0235086,HTR2C
C0341697,UGT1A4
C0857121,ADRB1 ADRB1@inh
C0009324,CYP2C19@inh
C0014852,CYP2C9 PTGS2 PTGS2@inh
C0018021,CYP3A4 HTR2B
C0019112,CYP2C9 CYP3A4
C0020639,HTR1D@inh PTAFR
C0023308,CALML3 CALN1
C0026821,ESR1@act
C0027092,CA14 CA4@inh CA5A CA5B CA6 CA7
C0030252,CYP2D6 SLC6A4 SLC6A4@inh
C0033777,ESR1@act
C0040034,CYP2D6@inh HTR2C@inh
C0041834,CYP1A2 CYP1A2@inh
C0234458,OPRK1
C0242350,CYP3A5 CYP3A5@inh CYP3A7
C0264893,KCNH2@inh
C0018099,AGTR1@inh CYP2C9
C0019209,CYP3A4@inh
C0020580,SLC6A4
C0031350,AGTR1@inh
C0034882,CYP3A4@inh
C0038367,CYP2C19 CYP2C19@inh
C0242350,MAOB MAOB@inh
C0002962,HTR1B@act HTR1D@act
C0009676,HTR2B
C0020295,CYP3A4@inh
C0027540,ALOX5
C1527340,CYP2B6@inh
C0011609,CYP3A5
C0014457,PTGS1 PTGS2
C0020456,SLC12A1 SLC12A1@inh
C0020625,ACE
C0085594,CYP2C9 UGT2B7
C0149744,CYP1A2@inh
C0233632,HTR2C@inh
C0349506,CYP1A2
C0002170,CYP2D6 HTR2A HTR2B
C0036416,PTGS1
C0162323,CYP3A4@inh
C0242350,ABCB1 ABCB1@inh
C0740394,SLC12A3 SLC12A3@inh
C1096250,HTR1A@act
C1458140,PTGS1
C2979982,CYP19A1@inh CYP3A5
C0002878,ABCC8
C0011603,CYP2B6@inh
C0018418,CYP2C8@inh
C0018944,CYP3A4
C0021308,HTR1A@act HTR1B@act HTR1D@act
C0021843,ADRA2B@inh DRD2@act HTR1D@inh HTR2B
C0022593,CACNA1C CACNA1D CACNA1F CACNA1S
C0023267,HTR2C SLC6A4@inh
C0023448,TOP2B TOP2B@inh
C0026986,TOP2B TOP2B@inh
C0032776,AR@inh
C0042510,KCNH2
C0149871,CYP3A4
C0151603,CYP3A4
C0151691,RXRA
C0151838,MAOA MAOB@inh
C0162281,IL8 PTGS1@inh PTGS2 PTGS2@inh
C0162823,RXRA
C0227791,HTR1D@inh HTR2C@inh
C0233523,CACNA1B
C0235295,IL8 PTGS2@act
C0341742,PGD PGD@inh
C0424092,AGTR1 AGTR1@inh
C0522224,SCN5A
C0541820,AR@inh ESR1@inh
C0558368,AR@inh ESR1@inh
C0877055,CACNA1C CACNA1D CACNA1F CACNA1S
C1145628,CYP2C19
C1704212,AOX1
C0009319,CYP2C19@inh
C0022408,CYP2D6 CYP2D6@inh HTR2C@inh
C0026827,CYP2B6@inh
C0038362,CYP2C19@inh
C0151632,HTR2C@inh
C0152032,SLC6A2 SLC6A2@inh SLC6A4
C1704628,GABRA1@act
C0002792,CYP2C8
C0011849,CYP2B6@inh CYP3A4@inh
C0024141,SCN5A SCN5A@inh
C0024894,HTR2A SLC6A4
C0030554,CYP3A4@inh HTR2C@inh
C0085606,OPRK1
C0151559,CYP2C8@act CYP2C9 CYP2C9@act
C0151991,OPRK1
C0497156,CYP2B6@inh
C0857305,DRD5@inh HTR5A
C0011124,CYP2C9
C0013687,LCK
C0030252,ACE
C0033046,HTR2C
C0039520,CYP2C9
C0043037,CYP3A4@inh
C0242073,CYP2D6
C0678222,CYP2C8
C0746883,CYP1B1 CYP1B1@inh
C0002871,CYP3A5
C0011991,PTGS1
C0017601,MAOB@inh
C0018932,HTR2B
C0020615,CYP2B6@inh
C0085636,HTR1A@act
C0232197,HTR1B HTR1D HTR1E HTR1F
C0392386,CES1
C0860803,CYP2D6@inh CYP3A4 HTR2C@inh
C0002170,CYP1A2 CYP2C19
C0003537,HTR1F
C0018801,ADRB1 ADRB1@inh CYP2D6
C0027947,TOP2B TOP2B@inh
C0028643,HTR1A
C0031256,ADORA3
C0040822,CYP2B6
C0151315,CYP3A7
C0233414,HTR1B HTR1D HTR7
C0270458,SLC6A4 SLC6A4@inh
C0349506,ACE
C0547030,ADRB1 ADRB1@inh
C0002622,CYP3A5
C0014868,CYP3A4
C0018939,CALM1
C0020701,HRH1 HRH1@inh
C0021845,PTGS1
C0029928,CYP2B6@inh
C0030252,ADRB2
C0038354,OPRK1 SLC6A4
C0235270,ADRA2B ADRA2C
C0235763,ADRA2C
C0542184,ALOXE3
C0011071,SLC6A3
C0017574,CYP3A7
C0033117,CYP2C19
C0009951,SLC6A4@inh
C0013456,HTR2C@inh
C0020443,ADRA2A ADRA2C@act
C0030312,CYP2C19@inh CYP2C9@inh
C0038362,SLC6A4@inh
C0042131,CYP19A1@inh
C0085649,CHRM3 CHRM5
C0085680,CA5A
C0151747,ABCB1
C0151827,HTR2C@inh
C0241705,CHRM3@inh
C0917801,PTGS2
C0002418,CYP2B6
C0003467,HTR1F
C0013491,SLC6A4
C0016199,MAOB@inh
C0019360,CYP2C9
C0020542,SLC6A4@inh
C0020557,HTR2C@inh
C0026205,ACHE@inh
C0026205,OPRD1@act OPRK1 OPRM1@act
C0027051,CYP1A2
C0030286,GSTA1
C0030552,LDLCQ3 LDLCQ3@inh
C0035243,CYP3A4 SLC6A4
C0035309,FMO1
C0041834,CYP1A1
C0042133,SLC6A4@inh
C0043352,MAOB
C0043387,OPRK1
C0162297,SCN10A SCN10A@inh
C0233407,CYP2B6 ORM1 ORM2
C0235750,SLC6A4@inh
C0243026,CYP1B1@inh
C0264906,KCNH2
C0541919,KCNH2
C0877359,ESR1@inh
C1306577,DRD4@inh
C0010200,CYP3A4
C0013295,DRD5@act
C0014742,UGT1A1
C0015402,CHRM1 HTR1B@inh HTR1E HTR2A HTR6@inh
C0028084,CHRNA4
C0392162,MAOB
C0595877,CYP3A4@inh CYP3A5
C0011606,CYP2C9@inh
C0018099,HTR2C@inh
C0020651,CYP2B6@inh
C0024141,CYP1A2 CYP1A2@act
C0034150,ABCB1@inh
C0600142,CYP3A4 ESR1 ESR1@act
C0011551,HTR1B@act HTR1D@act
C0015371,SLC6A3
C0019079,HTR1D@inh
C0020649,ORM1 ORM2
C0021167,OPRK1
C0023222,LDLCQ3 LDLCQ3@inh
C0023467,TOP2B TOP2B@inh
C0023533,TOP2A TOP2A@inh
C0031212,CYP1A2
C0038358,HTR2B
C0039070,ACE
C0151311,SCN10A SCN10A@inh
C0151779,CYP2B6@inh
C0162281,EBP
C0162298,HTR2C
C0232197,HTR3A@inh
C0235074,HTR1D@inh
C0240035,GSTA1
C0264267,FMO1
C0392703,CACNA1B CACNA1D CACNA1F CACNA1S
C0474381,PDE5A PDE5A@inh
C0542203,ABCC8
C0878544,TOP2A TOP2A@inh
C0006625,BCHE@inh
C0008031,ACE
C0012569,GABRB2 GABRG1
C0015914,CYP2C8@act
C0026837,CYP3A7
C0028960,ABCB1
C0039070,HTR3A
C0085593,CYP2C9
C0151763,ABCB1@inh
C0151991,CYP2C19@inh
C0233407,GRIN1
C0239981,CYP3A5
C0242184,CYP3A4
C0242656,GSTA1
C0340464,HTR2C@inh
C0344320,ADRB3
C0700590,CYP1A2
C0851578,HTR1F
C0870082,BCHE@inh
C1761613,PTGFR
C0011606,ACE
C0030846,CYP2D6
C0031542,CYP2B6
C0034150,SLC12A3 SLC12A3@inh
C0035455,UGT1A4
C0040128,CYP3A4@act
C2225524,CYP3A7
C0001824,CYP1A2@act
C0001824,CYP2D7P1
C0007787,BCHE@inh
C0008031,HTR2C@inh
C0013428,SLC6A2
C0014742,CYP2B6@inh
C0018621,SLC6A4
C0027769,HTR2B
C0031046,ALOX5@inh
C0031085,CYP3A4@inh
C0033377,HTR2C
C0033893,SLC6A4
C0037383,CHRNA10
C0043094,SLC6A3
C0311468,TOP2A TOP2A@inh
C0522063,OPRK1
C0595930,OPRK1
C0002962,ADRA1B@inh
C0002962,DRD2@act
C0011606,ABCB1
C0020456,UGT1A1
C0039240,HTR4
C0085594,CYP2B6
C0151626,CA4
C0151717,CYP2D6
C0234518,CYP3A7
C0234987,ADRA2B
C0235290,ADRA2B@inh
C0235567,CYP2B6
C0268000,UGT1A1
C0392525,DRD5@act
C0423791,ADRA1B@inh
C0683278,CYP2B6 OPRM1@act
C0686347,CYP2B6@inh
C2939147,DRD5@act
C0013144,IL8
C0013144,SIGMAR1
C0014591,CYP2C19@inh
C0022081,PTGFR
C0023533,CYP2C19
C0030312,GSTA1
C0039070,OPRK1@act
C0041912,AGTR1@inh
C0242350,ADRB1@inh
C0700184,FMO1
C0009319,CYP2B6@inh
C0015376,TOP2B TOP2B@inh
C0022107,SLC6A2
C0022573,HTR1A@inh HTR2C@inh
C0025320,SLC6A2@inh SLC6A4@inh
C0026827,AOX1
C0028778,CYP1B1@inh
C0036974,OPRM1
C0037763,CA4
C0151798,UGT2B7
C0238148,CYP2D6
C0438717,ADRA2B@inh
C0558489,CYP2C19@inh
C0002962,PDE5A PDE5A@inh
C0013922,HTR1D@inh
C0014591,PTGS1
C0021311,CYP2C9
C0040038,NR3C1@act
C0232286,MAOA
C1257843,SLC15A1
C1257843,TOP2A TOP2A@inh
C1258215,CYP1B1
C2939186,CYP19A1@inh
C0013384,HTR2C HTR2C@act HTR2C@inh
C0013384,ADRA1B ADRA1B@inh ADRA2A ADRA2A@inh ADRA2B@inh ADRA2C@inh DRD5 DRD5@act DRD5@inh HTR1A HTR1A@act HTR1A@inh HTR1B HTR1B@inh HTR1D HTR1D@inh HTR1E HTR1F HTR2A HTR2A@inh HTR3A HTR3A@inh HTR5A HTR6@inh HTR7@inh KCNH2 PTAFR TBXA2R
C0013384,DRD4 DRD4@act DRD4@inh
C0013384,DRD3 DRD3@act DRD3@inh
C0013384,ADRA1D DRD2 DRD2@act DRD2@inh HTR2B
C0013384,ADRA2B ADRA2C DRD1 DRD1@inh HRH3 HTR6 HTR7
C0013384,ADRA1A@inh CYP1A2 CYP2D6 CYP2D6@inh SLC6A2 SLC6A2@inh SLC6A3 SLC6A4 SLC6A4@inh
C0013384,ADRA1A CALML3 CALN1 CHRM1 CHRM1@inh CHRM2 CHRM2@inh CHRM3 CHRM3@inh CHRM4 CHRM4@inh CHRM5 CHRM5@inh HRH1 HRH1@inh HRH2 HRH4
C0085637,ADRA1A ADRA1A@inh ADRA1B ADRA1B@inh ADRA2A ADRA2B ADRA2B@inh ADRA2C CHRM1 CHRM2 CHRM3 CHRM4 CHRM5 CHRM5@inh CYP2D6 CYP2D6@inh DRD1 DRD1@inh DRD2 DRD2@inh DRD3 DRD3@inh DRD4 DRD4@inh DRD5 DRD5@inh HRH1 HTR1A HTR1A@inh HTR1B HTR1B@inh HTR1D HTR1D@inh HTR1E HTR1F HTR2A HTR2A@inh HTR2B HTR2C HTR3A HTR3A@inh HTR5A HTR6 HTR6@inh HTR7 KCNH2 PTAFR SLC6A4 TBXA2R
C0033687,IL8 PTGS1 PTGS1@inh PTGS2 PTGS2@act PTGS2@inh TTR UGT2B7
C0004134,CYP3A4 GABRA1 GABRA2 GABRA3 GABRA4 GABRA5 GABRA6 GABRB1 GABRB2 GABRB3 GABRD GABRE GABRG1 GABRG2 GABRG3 GABRP GABRQ GABRR1 GABRR2 GABRR3 TSPO
C0043352,ADRA1A ADRA1A@inh CHRM1 CHRM1@inh CHRM2 CHRM2@inh CHRM3 CHRM3@inh CHRM4 CHRM4@inh CHRM5 CHRM5@inh CYP2D6 CYP2D6@inh DRD1 DRD2 DRD3 DRD3@inh DRD4@inh DRD5 DRD5@inh HRH1 HRH1@inh HTR1A HTR1A@inh HTR1E HTR2A HTR2A@inh HTR2B HTR2C HTR3A HTR6 HTR7 SLC6A2 SLC6A4
C0040485,ADRA1A ADRA1A@inh ADRA1B ADRA1B@inh ADRA2A ADRA2A@inh ADRA2B ADRA2B@inh ADRA2C ADRA2C@inh CHRM1 CHRM1@inh CHRM2 CHRM2@inh CHRM3 CHRM3@inh CHRM4 CHRM4@inh CHRM5 CHRM5@inh CYP2D6 CYP2D6@inh DRD1 DRD1@inh DRD2 DRD2@act DRD2@inh DRD3 DRD3@inh DRD4 DRD4@inh DRD5 DRD5@inh HRH1 HRH1@inh HRH2 HTR1A HTR1A@inh HTR1B HTR1B@inh HTR1D HTR1D@inh HTR1E HTR2A HTR2A@inh HTR2B HTR2C HTR2C@inh HTR3A HTR5A HTR6 HTR6@inh HTR7 HTR7@inh KCNH2 OPRK1 PTAFR SLC6A4 TBXA2R
C0156404,ADRA1A ADRA1B ADRA2A ADRA2B ADRA2C CYP3A5 DRD1 DRD1@inh DRD2 DRD2@inh DRD3 DRD3@inh DRD4 DRD4@inh DRD5 DRD5@inh EBP HRH1 HTR1A HTR1B HTR1D HTR1E HTR2A HTR2A@inh HTR2C HTR5A HTR6 HTR7 SIGMAR1 SLC6A4
C0018802,CYP2C9 IL8 PTGS1 PTGS1@inh PTGS2 PTGS2@act PTGS2@inh
C0020649,ADRA1A@inh ADRA2A ADRA2A@inh ADRA2B ADRA2C HTR1D HTR1E HTR2A HTR2A@inh HTR2B HTR2C HTR2C@inh HTR5A HTR6
C0037763,ADRA2A ADRA2B ADRA2C CHRM5 DRD1 DRD1@inh DRD2 DRD2@inh DRD3 DRD3@inh DRD4 DRD4@inh DRD5 DRD5@inh HTR1A HTR1A@inh HTR1B HTR1D HTR1D@inh HTR1E HTR2A HTR2A@inh HTR2B HTR2C HTR2C@inh HTR3A HTR5A HTR6 HTR6@inh HTR7 PTAFR SLC6A4 TBXA2R
C0030232,ADRA1A ADRA1A@inh ADRA1B ADRA1B@inh ADRA1D ADRA2A ADRA2A@act ADRA2B ADRA2B@act ADRA2C ADRA2C@act ADRB1 DRD1 DRD2 DRD2@act DRD3@act DRD4 DRD4@act DRD5 DRD5@act HTR1A@inh HTR1D@inh HTR2A HTR2B SLC6A2@inh
C0042514,HTR1A HTR1A@act HTR1B HTR1B@act HTR1D HTR1D@act HTR1E HTR1F
C0009806,ADRA1B@inh ADRA2A ADRA2C CHRM3 CYP3A4 DRD1 DRD3 DRD4 DRD5 DRD5@inh HTR1A HTR1B HTR1D HTR1E HTR2A HTR2B HTR2C HTR5A HTR6 HTR7
C0028961,PTGS1 PTGS1@inh PTGS2 PTGS2@inh UGT1A1
C0036572,DRD2 DRD2@inh DRD3@inh DRD4@inh HTR1A HTR1B HTR1D HTR1E HTR2A HTR2A@inh HTR2C HTR6 HTR7 OPRK1 SLC6A4
C0030232,CHRM3 HTR2C HTR2C@inh SLC6A4
C0013384,OPRK1
C0039231,CHRM1 CHRM2 CHRM3 CHRM4 CHRM5
C0009319,CYP2C9 PTGS2 PTGS2@inh
C0085623,CYP2D6 CYP2D6@inh SLC6A3
C0018802,ADRB1 ADRB1@inh ADRB2@inh ADRB3
C0004134,HTR1A HTR1A@act HTR1F HTR2A HTR2A@inh HTR2B HTR2C HTR2C@inh HTR7@inh
C0004134,ADRA1A@inh ADRA2A@inh CHRM5@inh CYP1A2 CYP2B6 CYP2B6@inh CYP2D6 HTR1A@inh SLC6A3 SLC6A4 SLC6A4@inh
C0233565,CHRM1 CYP2D6@inh DRD3 DRD3@inh DRD4 DRD4@inh KCNH2
C0085631,GABRA1 GABRA2 GABRA3 GABRA4 GABRA5 GABRA6 GABRB2 GABRB3 GABRD GABRE GABRG1 GABRG2 GABRG3 GABRP
C0020538,PTGS1@inh PTGS2 PTGS2@inh
C0520966,MAOA
C0497156,CYP2C9 PTGS2@inh
C0007166,ADRB1@inh
C0035078,ACE
C0027697,ALOXE3 CYP2C9 IL8 PTGS1 PTGS1@inh PTGS2 PTGS2@act PTGS2@inh TTR UGT1A1 UGT2B7
C0393593,ADRA1A ADRA1A@inh ADRA1B ADRA1B@inh ADRA2A ADRA2A@inh ADRA2B ADRA2B@inh ADRA2C ADRA2C@inh CHRM1 CHRM2 CHRM3 CHRM4 CHRM5 CYP2D6 CYP2D6@inh DRD1 DRD1@inh DRD2 DRD2@act DRD2@inh DRD3 DRD3@inh DRD4 DRD4@inh DRD5 DRD5@act DRD5@inh HRH1 HRH2 HTR1B HTR1B@inh HTR1D HTR1D@inh HTR1E HTR1F HTR2A HTR2A@inh HTR2C HTR2C@inh HTR3A HTR5A HTR6 HTR6@inh HTR7 HTR7@inh KCNH2 OPRK1 PTAFR SLC6A4 TBXA2R
C0002871,CYP2C9 PTGS1 PTGS1@inh PTGS2 PTGS2@inh
C0040822,CYP2D6 CYP2D6@inh OPRK1 SLC6A2 SLC6A2@inh SLC6A3 SLC6A3@inh SLC6A4 SLC6A4@inh
C0085623,ADRA1A ADRA1A@inh ADRA1B ADRA1B@inh ADRA1D ADRA2A ADRA2A@inh ADRA2B ADRA2B@inh ADRA2C ADRA2C@inh ADRB1 CHRM1 CHRM1@inh CHRM2 CHRM2@inh CHRM3 CHRM3@inh CHRM4 CHRM4@inh CHRM5 CHRM5@inh CYP2D7P1 DRD1 DRD1@inh DRD2 DRD2@act DRD2@inh DRD3 DRD3@inh DRD4 DRD4@inh DRD5 DRD5@inh HRH1 HRH1@inh HRH2 HTR1A HTR1A@inh HTR1B HTR1B@inh HTR1D HTR1D@inh HTR1E HTR1F HTR2A HTR2A@inh HTR2B HTR2C HTR2C@inh HTR3A HTR3A@inh HTR5A HTR6 HTR6@inh HTR7 HTR7@inh KCNH2 OPRK1 PTAFR SLC6A4 TBXA2R
C0026961,ADRA1A ADRA1A@inh ADRA2A CHRM1 CHRM1@inh CHRM2 CHRM2@inh CHRM3 CHRM3@inh CHRM4 CHRM4@inh CHRM5 CHRM5@inh DRD3@inh HTR2A HTR2A@inh HTR2C HTR6 ORM1 ORM2
C0035078,PTGS1 PTGS1@inh PTGS2 PTGS2@inh
C0151529,CYP2C8 CYP2C9 CYP2C9@inh PTGS1 PTGS1@inh PTGS2 PTGS2@inh TTR UGT1A4 UGT2B7
C0039231,ADRA2A ADRA2B ADRA2C DRD2@inh HTR1A HTR1B HTR1D HTR1E HTR1F HTR2A HTR2A@inh HTR2B HTR2C HTR2C@inh HTR3A HTR6 HTR7
C0520966,CYP2B6 CYP2B6@inh CYP2D6 SLC6A2 SLC6A2@inh SLC6A3 SLC6A4 SLC6A4@inh
C0027066,ADRA1A@inh ADRA1B@inh ADRA2A ADRA2A@inh ADRA2B@inh ADRA2C@inh CHRM5@inh CYP2D6@inh DRD1@inh DRD2@act DRD5@inh HTR1A@inh HTR1B@inh HTR1D@inh HTR2A HTR2A@inh HTR2B HTR2C HTR2C@inh HTR3A HTR3A@inh HTR6@inh HTR7 HTR7@inh OPRK1 PTAFR SLC6A4
C0424295,ADRA1B@inh ADRA2A ADRA2A@inh HTR1A HTR1A@inh HTR1B HTR1D HTR1D@inh HTR1E HTR1F HTR2A HTR2A@inh HTR2B PTAFR
C0520966,ADRA1A@inh ADRA2A@inh CHRM5@inh CYP2D6@inh HTR1A HTR1A@act HTR1A@inh HTR1B HTR1D HTR1E HTR2A HTR2A@inh HTR2B HTR2C HTR2C@inh OPRK1
C0428977,ADRB1 ADRB1@inh ADRB2
C0086439,ADRA1A@inh ADRA1B@inh ADRA2A ADRA2A@inh ADRA2B@inh ADRA2C ADRA2C@inh CYP2B6@inh CYP2D6 CYP2D6@inh CYP3A4 DRD1 DRD1@inh DRD2@act DRD5 DRD5@inh HTR1A@inh HTR1B HTR1B@inh HTR1D HTR1D@inh HTR1E HTR1F HTR2A HTR2B HTR2C HTR2C@inh HTR3A@inh HTR6@inh HTR7 HTR7@inh OPRK1 PTAFR SLC6A4
C0428977,SCN5A SCN5A@inh
C0424295,ADRA1A@inh CHRM1 CYP2D6 CYP2D6@inh DRD1@inh DRD4 DRD5 HTR2C HTR2C@inh HTR6 HTR7 SLC6A4
C0020672,ADRA1B@inh ADRA2A@inh ADRA2B@inh ADRA2C@inh CHRM5@inh CYP2D7P1 DRD1@inh DRD2@inh DRD3@inh DRD4@inh DRD5 DRD5@inh HTR1A@inh HTR1B@inh HTR1D@inh HTR1E HTR2B HTR2C@inh HTR6 HTR6@inh HTR7 HTR7@inh OPRK1 PTAFR
C0020615,ADRA2A CYP2D6@inh CYP3A4 DRD1 DRD1@inh DRD2@act DRD3@inh DRD4 DRD4@inh DRD5 DRD5@inh HTR1B HTR1D HTR2A HTR2B HTR2C HTR5A HTR6 HTR7 SLC6A4
C0575081,ADRA2A DRD1 DRD2@act DRD4 DRD5 HTR1A HTR1B HTR1D HTR2A HTR2B HTR7
C0428977,ADRA2A ADRA2A@inh ADRA2B ADRA2C HTR1A HTR1F HTR2C HTR3A@inh
C0575090,ADRA2A@inh ADRA2B ADRA2C CYP2D7P1 DRD1 DRD2@act DRD4 DRD5 HTR1D HTR2B HTR2C HTR7
C0026827,ADRA2A ADRA2A@inh HTR1A HTR1A@inh HTR1B HTR1D HTR1D@inh HTR2A HTR2C HTR2C@inh OPRK1 SLC6A4
C0020649,ADRA1B ADRA1B@inh ADRA1D DRD1 DRD2@inh DRD4 DRD5 HTR1A HTR1B TBXA2R
C0494475,CYP3A7 HTR2C SLC6A4
C0428977,KCNH2
C0011175,CYP3A4@inh HTR2C@inh SLC6A4
C0424295,CHRNA7
C0018802,CACNA1C
C0236071,ADRA1A ADRA1A@inh ADRA1B ADRA1B@inh ADRA2A ADRA2A@inh ADRA2B ADRA2B@inh ADRA2C ADRA2C@inh CHRM1 CHRM1@inh CHRM2 CHRM2@inh CHRM3 CHRM3@inh CHRM4 CHRM4@inh CHRM5 CHRM5@inh CYP1A2 CYP2D6@inh DRD1 DRD1@inh DRD2 DRD2@act DRD2@inh DRD3 DRD3@inh DRD4 DRD4@inh DRD5 DRD5@inh HRH1 HRH1@inh HRH2 HTR1A HTR1A@inh HTR1B HTR1B@inh HTR1D HTR1D@inh HTR2A HTR2A@inh HTR2C HTR2C@inh HTR3A HTR3A@inh HTR5A HTR6 HTR6@inh HTR7 HTR7@inh KCNH2 SIGMAR1 SLC6A4
C0236071,ADRA1D CYP2D6 HTR1E HTR1F HTR2B OPRK1 PTAFR TBXA2R
C0019158,CYP2C8 CYP2C9 PTGS1 PTGS1@inh PTGS2 PTGS2@inh UGT1A4
C0393593,HTR1A HTR1A@act HTR1A@inh HTR2B
C0025289,ALOXE3 CYP2C8 CYP2C9 PTGS1 PTGS1@inh PTGS2 PTGS2@act PTGS2@inh TTR UGT2B7
C0022346,CYP2C9 PTGS1 PTGS1@inh PTGS2 PTGS2@inh
C0267410,ADRB1 ADRB1@inh ADRB2 ADRB2@inh ADRB3
C0037036,ADRA1A ADRA1A@inh ADRA1B ADRA1B@inh ADRA2A ADRA2A@inh ADRA2B ADRA2B@inh ADRA2C CYP2D6 CYP2D6@inh CYP3A4 DRD1 DRD1@inh DRD2 DRD2@act DRD2@inh DRD3 DRD3@inh DRD4 DRD4@act DRD4@inh DRD5 DRD5@act DRD5@inh HRH1 HTR1A HTR1A@inh HTR1B HTR1B@act HTR1D HTR1D@act HTR1D@inh HTR1E HTR1F HTR2A HTR2A@inh HTR2B HTR2C HTR2C@inh HTR3A HTR5A HTR6 HTR6@inh HTR7 OPRK1 PTAFR SLC6A4 TBXA2R
C0152459,NR3C1 NR3C1@act
C0034068,ACE ACE@inh
C0027424,ADRA1A ADRA1A@inh ADRA1B ADRA1B@inh ADRA1D ADRA2A ADRA2A@inh ADRA2B ADRA2B@inh ADRA2C ADRA2C@inh CHRM1 CHRM1@inh CHRM2 CHRM2@inh CHRM3 CHRM3@inh CHRM4 CHRM4@inh CHRM5 DRD1 DRD1@act DRD1@inh DRD2 DRD2@act DRD2@inh DRD3 DRD3@act DRD3@inh DRD4 DRD4@act DRD4@inh DRD5 DRD5@act DRD5@inh HRH1 HRH1@inh HRH2 HRH4 HTR1A HTR1B HTR1D HTR2A HTR2A@inh HTR2B HTR2C HTR2C@act HTR2C@inh HTR5A HTR6 HTR7 HTR7@inh SLC6A4
C0013390,ADRA1A@inh ADRA1B@inh CHRM5@inh DRD1@inh HTR1B@inh HTR1D@inh HTR6@inh PTAFR SLC6A2 SLC6A2@inh SLC6A3 SLC6A3@inh SLC6A4 SLC6A4@inh
C0013390,ADRA1B ADRA2A ADRA2A@inh ADRA2B ADRA2B@inh ADRA2C ADRA2C@inh CYP2D6 CYP2D6@inh CYP3A4 DRD1 DRD2 DRD2@act DRD5 HTR1A HTR1A@inh HTR1B HTR1D HTR1F HTR2A HTR2A@inh HTR2B HTR2C HTR2C@inh HTR7 HTR7@inh OPRK1
C0242461,ADRB1 ADRB1@inh ADRB2 ADRB2@inh ADRB3
C0007398,ADRB1 ADRB1@inh ADRB2 ADRB2@inh ADRB3
C2584688,ADRA1D@inh CHRM5@inh SLC6A2 SLC6A2@inh SLC6A3 SLC6A4 SLC6A4@inh
C0152198,CHRM1 CHRM2 CYP2B6@inh CYP2D6 CYP2D6@inh HTR1A HTR1A@inh HTR2A HTR2C HTR2C@inh HTR3A SLC6A2 SLC6A2@inh SLC6A3 SLC6A3@inh SLC6A4 SLC6A4@inh
C0221185,CA1 CA12 CA14 CA1@inh CA2 CA2@inh CA4 CA4@inh CA5A CA5B CA6 CA7 CA9 SLC12A1 SLC12A1@inh SLC12A3 SLC12A3@inh
C0011253,ADRA1A@inh CHRM2 CHRM4 CHRM5 CYP2B6@inh CYP2C19 SLC6A2 SLC6A2@inh SLC6A3 SLC6A4 SLC6A4@inh
C0007398,ADRA1A ADRA1A@inh ADRA1B ADRA1B@inh ADRA2A ADRA2B ADRA2C CHRM1 CHRM5 CYP2D6 CYP2D6@inh DRD1 DRD1@inh DRD2 DRD2@inh DRD3 DRD3@inh DRD4 DRD4@inh DRD5 DRD5@inh HRH1 HRH3 HTR1A HTR1A@inh HTR1B HTR1D HTR1E HTR1F HTR2A HTR2A@inh HTR2B HTR2C HTR5A HTR6 HTR7 PTAFR SLC6A4
C0376297,PDE5A PDE5A@inh
C0011253,CHRM1 CYP2D6@inh HTR2C HTR2C@act HTR2C@inh
C0011253,ADRA1A ADRA2A ADRA2A@inh ADRA2B ADRA2B@inh ADRA2C ADRA2C@inh CHRM1@inh CHRM2@inh CHRM3 CHRM3@inh CHRM4@inh CHRM5@inh CYP2D6 CYP3A4 DRD1 DRD1@act DRD2 DRD2@act DRD3 DRD3@act DRD3@inh DRD4 DRD4@act DRD5 DRD5@act HRH1 HRH1@inh HTR1A HTR1A@act HTR1A@inh HTR1B HTR1D HTR1D@inh HTR2A HTR2A@act HTR2A@inh HTR2B HTR6 HTR7 HTR7@inh OPRK1 PTAFR
C0175167,NR3C1 NR3C1@act
C0026205,ADRA1A ADRA1A@inh ADRA1B ADRA1B@inh ADRA1D ADRA2A ADRA2B ADRA2C CALM1 CHRM2 CHRM3 DRD3@inh DRD4 DRD4@inh DRD5@inh HTR2A HTR2C HTR7
C0035410,AGTR1 AGTR1@inh CYP2C9@inh SLC15A1 SLC15A1@inh
C0020514,CHRM2 CHRM3 CYP2D6@inh DRD2 DRD2@inh DRD3 DRD3@inh DRD4 DRD4@inh DRD5 HRH1 HTR2A HTR2C HTR6 HTR7
C0020456,CYP2C9 PTGS1
C0023380,ADRA2A ADRA2B ADRA2C DRD1 DRD1@inh DRD2@act DRD3@inh DRD4 DRD4@inh HTR1A HTR1B HTR1D HTR1D@inh HTR2A HTR2B HTR2C HTR6 HTR7 SLC6A4
C0006384,CHRM1 CYP2D6 CYP2D6@inh DRD1 DRD5 HTR1D HTR2A HTR2B HTR2C HTR7 PTAFR SLC6A4
C0314719,ADRA1A@inh ADRA2A CHRM1 CYP2D6 CYP2D6@inh HTR2B HTR2C HTR2C@inh SLC6A4 SLC6A4@inh
C0032708,ABCC8 CYP2C9
C0037763,OPRK1 SIGMAR1
C0162835,NR3C1 NR3C1@act
C0042420,ADRA2A ADRA2A@act ADRA2B ADRA2C DRD1 DRD1@act DRD2 DRD2@act DRD3@act DRD4@act DRD5 DRD5@act HTR1A HTR1A@act HTR2A HTR2B HTR2C
C0010520,DRD2@act HTR1B HTR1D HTR1E HTR2B HTR7
C0870082,HTR2A HTR2B HTR2C HTR7 SLC6A4
C0035455,AGTR1@inh CYP2C9
C0037672,ADRA2A DRD1 DRD2@act DRD3 DRD3@act DRD4 DRD4@act DRD5 DRD5@act HTR1B HTR1D HTR2B HTR2C HTR7
C0233565,CYP2D6 SLC6A2@inh
C0030232,CYP2D6 SLC6A2 SLC6A3 SLC6A4@inh
C0011603,CYP1A2 CYP2D6@inh DRD5@inh
C0013604,ADRA1B@inh CYP3A4 HTR2B
C0243026,PTGS1 PTGS1@inh PTGS2 PTGS2@inh
C0020456,CYP3A4@inh DRD5@inh HTR1E PTAFR
C0004245,HTR3A HTR3A@inh
C0151636,ADRA2A@inh HRH2 HTR2A
C1883552,AGTR1@inh
C0151636,HTR3A@inh
C0497156,SLC6A4
C0020621,ADRA2B@inh
C0040053,ADRB1@inh
C0040822,MAOA
C0002871,PPARG@act
